Rapport SHACL-meting dd;2026-08-16T12:55:55
Gevalideerd RDF-bestand;dewolden_orox.ttl
Gebruikte SHACL-processor;TopBraid 1.4.4
SHACL-meting op basis GWSW;ja
SHACL-meting op basis CFK;MdsPlan
Lokale kwaliteitseisen uit bestand;geen
Gevalideerd op onderdelen;Datatype kenmerk, Waardebereik kenmerk, Collectiewaarde kenmerk, Kardinaliteit, Datatype object, GWSW-relaties, GWSW-types, CFK-types, Verbindingen netwerk
Niet gevalideerd op;Geen, alle metingen gedaan
Maximaal aantal meldingen;onbeperkt

Draaitijd;(200.1 sec bezig)
Rapport 'conforms';false

Focus node;Source;Value;Severity;Message;Path;Detail-message;Detail-value;
lei3507-3506-1_lei3385_beg3385;BeginpuntLeiding_Knooppunt_card;te weinig voorkomens;Violation;Subject BeginpuntLeiding, path hasConnection, object Knooppunt - aantal voorkomens wijkt af (exact=1);b130708;;Focus-node: type=BeginpuntLeiding, hasAspect=lei3507-3506-1_lei3385_beg3385_bob, hasConnection=knp3507_put
lei3564-3565-1_lei3466_beg3466;BeginpuntLeiding_Knooppunt_card;te weinig voorkomens;Violation;Subject BeginpuntLeiding, path hasConnection, object Knooppunt - aantal voorkomens wijkt af (exact=1);b131408;;Focus-node: type=BeginpuntLeiding, hasAspect=lei3564-3565-1_lei3466_beg3466_bob, hasConnection=knp3564_put
lei3561-3559-1_lei3462_beg3462;BeginpuntLeiding_Knooppunt_card;te weinig voorkomens;Violation;Subject BeginpuntLeiding, path hasConnection, object Knooppunt - aantal voorkomens wijkt af (exact=1);b132253;;Focus-node: type=BeginpuntLeiding, hasAspect=lei3561-3559-1_lei3462_beg3462_bob, hasConnection=knp3561_put
lei3530-3531-1_lei3423_beg3423;BeginpuntLeiding_Knooppunt_card;te weinig voorkomens;Violation;Subject BeginpuntLeiding, path hasConnection, object Knooppunt - aantal voorkomens wijkt af (exact=1);b132493;;Focus-node: type=BeginpuntLeiding, hasAspect=lei3530-3531-1_lei3423_beg3423_bob, hasConnection=knp3530_put
lei3558-3549-1_lei3445_beg3445;BeginpuntLeiding_Knooppunt_card;te weinig voorkomens;Violation;Subject BeginpuntLeiding, path hasConnection, object Knooppunt - aantal voorkomens wijkt af (exact=1);b133113;;Focus-node: type=BeginpuntLeiding, hasAspect=lei3558-3549-1_lei3445_beg3445_bob, hasConnection=knp3558_put
lei3540-3504-1_lei3379_beg3379;BeginpuntLeiding_Knooppunt_card;te weinig voorkomens;Violation;Subject BeginpuntLeiding, path hasConnection, object Knooppunt - aantal voorkomens wijkt af (exact=1);b133298;;Focus-node: type=BeginpuntLeiding, hasAspect=lei3540-3504-1_lei3379_beg3379_bob, hasConnection=knp3540_put
lei3556-3549-1_lei3444_beg3444;BeginpuntLeiding_Knooppunt_card;te weinig voorkomens;Violation;Subject BeginpuntLeiding, path hasConnection, object Knooppunt - aantal voorkomens wijkt af (exact=1);b133358;;Focus-node: type=BeginpuntLeiding, hasAspect=lei3556-3549-1_lei3444_beg3444_bob, hasConnection=knp3556_put
lei3507-3505-1_lei3382_beg3382;BeginpuntLeiding_Knooppunt_card;te weinig voorkomens;Violation;Subject BeginpuntLeiding, path hasConnection, object Knooppunt - aantal voorkomens wijkt af (exact=1);b133703;;Focus-node: type=BeginpuntLeiding, hasAspect=lei3507-3505-1_lei3382_beg3382_bob, hasConnection=knp3507_put
lei3495-3550-1_lei3364_beg3364;BeginpuntLeiding_Knooppunt_card;te weinig voorkomens;Violation;Subject BeginpuntLeiding, path hasConnection, object Knooppunt - aantal voorkomens wijkt af (exact=1);b133713;;Focus-node: type=BeginpuntLeiding, hasAspect=lei3495-3550-1_lei3364_beg3364_bob, hasConnection=knp3495_put
lei3540-3563-1_lei3436_beg3436;BeginpuntLeiding_Knooppunt_card;te weinig voorkomens;Violation;Subject BeginpuntLeiding, path hasConnection, object Knooppunt - aantal voorkomens wijkt af (exact=1);b133943;;Focus-node: type=BeginpuntLeiding, hasAspect=lei3540-3563-1_lei3436_beg3436_bob, hasConnection=knp3540_put
lei3502-3503-1_lei3374_beg3374;BeginpuntLeiding_Knooppunt_card;te weinig voorkomens;Violation;Subject BeginpuntLeiding, path hasConnection, object Knooppunt - aantal voorkomens wijkt af (exact=1);b133988;;Focus-node: type=BeginpuntLeiding, hasAspect=lei3502-3503-1_lei3374_beg3374_bob, hasConnection=knp3502_put
lei3550-3551-1_lei3447_beg3447;BeginpuntLeiding_Knooppunt_card;te weinig voorkomens;Violation;Subject BeginpuntLeiding, path hasConnection, object Knooppunt - aantal voorkomens wijkt af (exact=1);b134363;;Focus-node: type=BeginpuntLeiding, hasAspect=lei3550-3551-1_lei3447_beg3447_bob, hasConnection=knp3550_put
lei3493-3494-1_lei3360_beg3360;BeginpuntLeiding_Knooppunt_card;te weinig voorkomens;Violation;Subject BeginpuntLeiding, path hasConnection, object Knooppunt - aantal voorkomens wijkt af (exact=1);b134763;;Focus-node: type=BeginpuntLeiding, hasAspect=lei3493-3494-1_lei3360_beg3360_bob, hasConnection=knp3493_put
lei3558-3561-1_lei3459_beg3459;BeginpuntLeiding_Knooppunt_card;te weinig voorkomens;Violation;Subject BeginpuntLeiding, path hasConnection, object Knooppunt - aantal voorkomens wijkt af (exact=1);b134768;;Focus-node: type=BeginpuntLeiding, hasAspect=lei3558-3561-1_lei3459_beg3459_bob, hasConnection=knp3558_put
lei3541-3502-1_lei3375_beg3375;BeginpuntLeiding_Knooppunt_card;te weinig voorkomens;Violation;Subject BeginpuntLeiding, path hasConnection, object Knooppunt - aantal voorkomens wijkt af (exact=1);b134998;;Focus-node: type=BeginpuntLeiding, hasAspect=lei3541-3502-1_lei3375_beg3375_bob, hasConnection=knp3541_put
lei3492-3491-1_lei3355_beg3355;BeginpuntLeiding_Knooppunt_card;te weinig voorkomens;Violation;Subject BeginpuntLeiding, path hasConnection, object Knooppunt - aantal voorkomens wijkt af (exact=1);b135018;;Focus-node: type=BeginpuntLeiding, hasAspect=lei3492-3491-1_lei3355_beg3355_bob, hasConnection=knp3492_put
lei3522-3526-1_lei3410_beg3410;BeginpuntLeiding_Knooppunt_card;te weinig voorkomens;Violation;Subject BeginpuntLeiding, path hasConnection, object Knooppunt - aantal voorkomens wijkt af (exact=1);b135053;;Focus-node: type=BeginpuntLeiding, hasAspect=lei3522-3526-1_lei3410_beg3410_bob, hasConnection=knp3522_put
lei3504-3541-1_lei3380_beg3380;BeginpuntLeiding_Knooppunt_card;te weinig voorkomens;Violation;Subject BeginpuntLeiding, path hasConnection, object Knooppunt - aantal voorkomens wijkt af (exact=1);b135133;;Focus-node: type=BeginpuntLeiding, hasAspect=lei3504-3541-1_lei3380_beg3380_bob, hasConnection=knp3504_put
lei3548-3492-1_lei3358_beg3358;BeginpuntLeiding_Knooppunt_card;te weinig voorkomens;Violation;Subject BeginpuntLeiding, path hasConnection, object Knooppunt - aantal voorkomens wijkt af (exact=1);b135403;;Focus-node: type=BeginpuntLeiding, hasAspect=lei3548-3492-1_lei3358_beg3358_bob, hasConnection=knp3548_put
lei3562-3563-1_lei3465_beg3465;BeginpuntLeiding_Knooppunt_card;te weinig voorkomens;Violation;Subject BeginpuntLeiding, path hasConnection, object Knooppunt - aantal voorkomens wijkt af (exact=1);b135428;;Focus-node: type=BeginpuntLeiding, hasAspect=lei3562-3563-1_lei3465_beg3465_bob, hasConnection=knp3562_put
lei3508-3506-1_lei3386_beg3386;BeginpuntLeiding_Knooppunt_card;te weinig voorkomens;Violation;Subject BeginpuntLeiding, path hasConnection, object Knooppunt - aantal voorkomens wijkt af (exact=1);b135738;;Focus-node: type=BeginpuntLeiding, hasAspect=lei3508-3506-1_lei3386_beg3386_bob, hasConnection=knp3508_put
lei3494-3495-1_lei3362_beg3362;BeginpuntLeiding_Knooppunt_card;te weinig voorkomens;Violation;Subject BeginpuntLeiding, path hasConnection, object Knooppunt - aantal voorkomens wijkt af (exact=1);b135783;;Focus-node: type=BeginpuntLeiding, hasAspect=lei3494-3495-1_lei3362_beg3362_bob, hasConnection=knp3494_put
lei3559-3560-1_lei3461_beg3461;BeginpuntLeiding_Knooppunt_card;te weinig voorkomens;Violation;Subject BeginpuntLeiding, path hasConnection, object Knooppunt - aantal voorkomens wijkt af (exact=1);b135808;;Focus-node: type=BeginpuntLeiding, hasAspect=lei3559-3560-1_lei3461_beg3461_bob, hasConnection=knp3559_put
lei3491-3493-1_lei3356_beg3356;BeginpuntLeiding_Knooppunt_card;te weinig voorkomens;Violation;Subject BeginpuntLeiding, path hasConnection, object Knooppunt - aantal voorkomens wijkt af (exact=1);b135873;;Focus-node: type=BeginpuntLeiding, hasAspect=lei3491-3493-1_lei3356_beg3356_bob, hasConnection=knp3491_put
lei3496-3548-1_lei3366_beg3366;BeginpuntLeiding_Knooppunt_card;te weinig voorkomens;Violation;Subject BeginpuntLeiding, path hasConnection, object Knooppunt - aantal voorkomens wijkt af (exact=1);b135918;;Focus-node: type=BeginpuntLeiding, hasAspect=lei3496-3548-1_lei3366_beg3366_bob, hasConnection=knp3496_put
lei3505-3562-1_lei3383_beg3383;BeginpuntLeiding_Knooppunt_card;te weinig voorkomens;Violation;Subject BeginpuntLeiding, path hasConnection, object Knooppunt - aantal voorkomens wijkt af (exact=1);b135933;;Focus-node: type=BeginpuntLeiding, hasAspect=lei3505-3562-1_lei3383_beg3383_bob, hasConnection=knp3505_put
lei3503-3437-1_lei3377_beg3377;BeginpuntLeiding_Knooppunt_card;te weinig voorkomens;Violation;Subject BeginpuntLeiding, path hasConnection, object Knooppunt - aantal voorkomens wijkt af (exact=1);b136108;;Focus-node: type=BeginpuntLeiding, hasAspect=lei3503-3437-1_lei3377_beg3377_bob, hasConnection=knp3503_put
knp3459;Put_HoogtePut_card;te weinig voorkomens;Violation;Subject Put, path hasAspect, object HoogtePut - aantal voorkomens wijkt af (exact=1);hasAspect;;Focus-node: type=Inspectieput, label=Kv1G0046, hasAspect=knp3459_bre, hasAspect=knp3459_len, hasAspect=knp3459_put, hasAspect=knp3459_mat, hasAspect=knp3459_vor
knp3455;Put_HoogtePut_card;te weinig voorkomens;Violation;Subject Put, path hasAspect, object HoogtePut - aantal voorkomens wijkt af (exact=1);hasAspect;;Focus-node: type=Inspectieput, label=Kv1G0038, hasAspect=knp3455_bre, hasAspect=knp3455_len, hasAspect=knp3455_put, hasAspect=knp3455_mat, hasAspect=knp3455_vor
knp3456;Put_HoogtePut_card;te weinig voorkomens;Violation;Subject Put, path hasAspect, object HoogtePut - aantal voorkomens wijkt af (exact=1);hasAspect;;Focus-node: type=Inspectieput, label=Kv1G0040, hasAspect=knp3456_bre, hasAspect=knp3456_len, hasAspect=knp3456_put, hasAspect=knp3456_bgd
knp3457;Put_HoogtePut_card;te weinig voorkomens;Violation;Subject Put, path hasAspect, object HoogtePut - aantal voorkomens wijkt af (exact=1);hasAspect;;Focus-node: type=Inspectieput, label=Kv1G0042, hasAspect=knp3457_bre, hasAspect=knp3457_len, hasAspect=knp3457_put, hasAspect=knp3457_bgd
knp3458;Put_HoogtePut_card;te weinig voorkomens;Violation;Subject Put, path hasAspect, object HoogtePut - aantal voorkomens wijkt af (exact=1);hasAspect;;Focus-node: type=Inspectieput, label=Kv1G0044, hasAspect=knp3458_bre, hasAspect=knp3458_len, hasAspect=knp3458_put, hasAspect=knp3458_bgd
knp3451;Put_HoogtePut_card;te weinig voorkomens;Violation;Subject Put, path hasAspect, object HoogtePut - aantal voorkomens wijkt af (exact=1);hasAspect;;Focus-node: type=Inspectieput, label=Kv1G0030, hasAspect=knp3451_bre, hasAspect=knp3451_len, hasAspect=knp3451_put, hasAspect=knp3451_mat, hasAspect=knp3451_vor
knp3452;Put_HoogtePut_card;te weinig voorkomens;Violation;Subject Put, path hasAspect, object HoogtePut - aantal voorkomens wijkt af (exact=1);hasAspect;;Focus-node: type=Inspectieput, label=Kv1G0032, hasAspect=knp3452_bre, hasAspect=knp3452_len, hasAspect=knp3452_put, hasAspect=knp3452_mat, hasAspect=knp3452_vor
knp3453;Put_HoogtePut_card;te weinig voorkomens;Violation;Subject Put, path hasAspect, object HoogtePut - aantal voorkomens wijkt af (exact=1);hasAspect;;Focus-node: type=Inspectieput, label=Kv1G0034, hasAspect=knp3453_bre, hasAspect=knp3453_len, hasAspect=knp3453_put, hasAspect=knp3453_mat, hasAspect=knp3453_vor
knp3454;Put_HoogtePut_card;te weinig voorkomens;Violation;Subject Put, path hasAspect, object HoogtePut - aantal voorkomens wijkt af (exact=1);hasAspect;;Focus-node: type=Inspectieput, label=Kv1G0036, hasAspect=knp3454_bre, hasAspect=knp3454_len, hasAspect=knp3454_put, hasAspect=knp3454_mat, hasAspect=knp3454_vor
knp3450;Put_HoogtePut_card;te weinig voorkomens;Violation;Subject Put, path hasAspect, object HoogtePut - aantal voorkomens wijkt af (exact=1);hasAspect;;Focus-node: type=Inspectieput, label=Kv1G0028, hasAspect=knp3450_bre, hasAspect=knp3450_len, hasAspect=knp3450_put, hasAspect=knp3450_mat, hasAspect=knp3450_vor
knp3448;Put_HoogtePut_card;te weinig voorkomens;Violation;Subject Put, path hasAspect, object HoogtePut - aantal voorkomens wijkt af (exact=1);hasAspect;;Focus-node: type=Inspectieput, label=Kv1G0024, hasAspect=knp3448_bre, hasAspect=knp3448_len, hasAspect=knp3448_put, hasAspect=knp3448_mat, hasAspect=knp3448_vor
knp3449;Put_HoogtePut_card;te weinig voorkomens;Violation;Subject Put, path hasAspect, object HoogtePut - aantal voorkomens wijkt af (exact=1);hasAspect;;Focus-node: type=Inspectieput, label=Kv1G0026, hasAspect=knp3449_bre, hasAspect=knp3449_len, hasAspect=knp3449_put, hasAspect=knp3449_mat, hasAspect=knp3449_vor
knp3444;Put_HoogtePut_card;te weinig voorkomens;Violation;Subject Put, path hasAspect, object HoogtePut - aantal voorkomens wijkt af (exact=1);hasAspect;;Focus-node: type=Inspectieput, label=Kv1G0016, hasAspect=knp3444_bre, hasAspect=knp3444_len, hasAspect=knp3444_put, hasAspect=knp3444_mat, hasAspect=knp3444_vor
knp3445;Put_HoogtePut_card;te weinig voorkomens;Violation;Subject Put, path hasAspect, object HoogtePut - aantal voorkomens wijkt af (exact=1);hasAspect;;Focus-node: type=Lozingsput, label=Kv1G0018, hasAspect=knp3445_bre, hasAspect=knp3445_len, hasAspect=knp3445_put, hasAspect=knp3445_mat, hasAspect=knp3445_vor
knp3446;Put_HoogtePut_card;te weinig voorkomens;Violation;Subject Put, path hasAspect, object HoogtePut - aantal voorkomens wijkt af (exact=1);hasAspect;;Focus-node: type=Inspectieput, label=Kv1G0020, hasAspect=knp3446_bre, hasAspect=knp3446_len, hasAspect=knp3446_put, hasAspect=knp3446_mat, hasAspect=knp3446_vor
knp3447;Put_HoogtePut_card;te weinig voorkomens;Violation;Subject Put, path hasAspect, object HoogtePut - aantal voorkomens wijkt af (exact=1);hasAspect;;Focus-node: type=Inspectieput, label=Kv1G0022, hasAspect=knp3447_bre, hasAspect=knp3447_len, hasAspect=knp3447_put, hasAspect=knp3447_mat, hasAspect=knp3447_vor
knp3440;Put_HoogtePut_card;te weinig voorkomens;Violation;Subject Put, path hasAspect, object HoogtePut - aantal voorkomens wijkt af (exact=1);hasAspect;;Focus-node: type=Inspectieput, label=Kv1G0008, hasAspect=knp3440_bre, hasAspect=knp3440_len, hasAspect=knp3440_put, hasAspect=knp3440_mat, hasAspect=knp3440_vor
knp3441;Put_HoogtePut_card;te weinig voorkomens;Violation;Subject Put, path hasAspect, object HoogtePut - aantal voorkomens wijkt af (exact=1);hasAspect;;Focus-node: type=Inspectieput, label=Kv1G0010, hasAspect=knp3441_bre, hasAspect=knp3441_len, hasAspect=knp3441_put, hasAspect=knp3441_mat, hasAspect=knp3441_vor
knp3442;Put_HoogtePut_card;te weinig voorkomens;Violation;Subject Put, path hasAspect, object HoogtePut - aantal voorkomens wijkt af (exact=1);hasAspect;;Focus-node: type=Inspectieput, label=Kv1G0012, hasAspect=knp3442_bre, hasAspect=knp3442_len, hasAspect=knp3442_put, hasAspect=knp3442_mat, hasAspect=knp3442_vor
knp3443;Put_HoogtePut_card;te weinig voorkomens;Violation;Subject Put, path hasAspect, object HoogtePut - aantal voorkomens wijkt af (exact=1);hasAspect;;Focus-node: type=Lozingsput, label=Kv1G0014, hasAspect=knp3443_bre, hasAspect=knp3443_len, hasAspect=knp3443_put, hasAspect=knp3443_mat, hasAspect=knp3443_vor
knp3462;Put_HoogtePut_card;te weinig voorkomens;Violation;Subject Put, path hasAspect, object HoogtePut - aantal voorkomens wijkt af (exact=1);hasAspect;;Focus-node: type=Pompunit, label=Kv1P0002, hasAspect=knp3462_bre, hasAspect=knp3462_len, hasAspect=knp3462_put, hasAspect=knp3462_mat, hasAspect=knp3462_vor
knp3463;Put_HoogtePut_card;te weinig voorkomens;Violation;Subject Put, path hasAspect, object HoogtePut - aantal voorkomens wijkt af (exact=1);hasAspect;;Focus-node: type=Inspectieput, label=Kv1X0002, hasAspect=knp3463_bre, hasAspect=knp3463_len, hasAspect=knp3463_put
knp3460;Put_HoogtePut_card;te weinig voorkomens;Violation;Subject Put, path hasAspect, object HoogtePut - aantal voorkomens wijkt af (exact=1);hasAspect;;Focus-node: type=Inspectieput, label=Kv1G0048, hasAspect=knp3460_bre, hasAspect=knp3460_len, hasAspect=knp3460_put, hasAspect=knp3460_mat, hasAspect=knp3460_vor
knp3461;Put_HoogtePut_card;te weinig voorkomens;Violation;Subject Put, path hasAspect, object HoogtePut - aantal voorkomens wijkt af (exact=1);hasAspect;;Focus-node: type=Inspectieput, label=Kv1G0050, hasAspect=knp3461_bre, hasAspect=knp3461_len, hasAspect=knp3461_put, hasAspect=knp3461_mat, hasAspect=knp3461_vor
knp3490;Put_HoogtePut_card;te weinig voorkomens;Violation;Subject Put, path hasAspect, object HoogtePut - aantal voorkomens wijkt af (exact=1);hasAspect;;Focus-node: type=Inspectieput, label=ID4143, hasAspect=knp3490_bre, hasAspect=knp3490_len, hasAspect=knp3490_put, hasAspect=knp3490_mat, hasAspect=knp3490_vor
knp3497;Put_HoogtePut_card;te weinig voorkomens;Violation;Subject Put, path hasAspect, object HoogtePut - aantal voorkomens wijkt af (exact=1);hasAspect;;Focus-node: type=Inspectieput, label=ID4151, hasAspect=knp3497_bre, hasAspect=knp3497_len, hasAspect=knp3497_put, hasAspect=knp3497_mat, hasAspect=knp3497_vor
knp3488;Put_HoogtePut_card;te weinig voorkomens;Violation;Subject Put, path hasAspect, object HoogtePut - aantal voorkomens wijkt af (exact=1);hasAspect;;Focus-node: type=Inspectieput, label=ID4074, hasAspect=knp3488_bre, hasAspect=knp3488_len, hasAspect=knp3488_put, hasAspect=knp3488_mat, hasAspect=knp3488_vor
knp3489;Put_HoogtePut_card;te weinig voorkomens;Violation;Subject Put, path hasAspect, object HoogtePut - aantal voorkomens wijkt af (exact=1);hasAspect;;Focus-node: type=Inspectieput, label=ID4075, hasAspect=knp3489_bre, hasAspect=knp3489_len, hasAspect=knp3489_put, hasAspect=knp3489_mat, hasAspect=knp3489_vor
knp3438;Put_HoogtePut_card;te weinig voorkomens;Violation;Subject Put, path hasAspect, object HoogtePut - aantal voorkomens wijkt af (exact=1);hasAspect;;Focus-node: type=Inspectieput, label=Kv1G0004, hasAspect=knp3438_bre, hasAspect=knp3438_len, hasAspect=knp3438_put, hasAspect=knp3438_mat, hasAspect=knp3438_vor
knp3439;Put_HoogtePut_card;te weinig voorkomens;Violation;Subject Put, path hasAspect, object HoogtePut - aantal voorkomens wijkt af (exact=1);hasAspect;;Focus-node: type=Inspectieput, label=Kv1G0006, hasAspect=knp3439_bre, hasAspect=knp3439_len, hasAspect=knp3439_put, hasAspect=knp3439_mat, hasAspect=knp3439_vor
knp3435;Put_HoogtePut_card;te weinig voorkomens;Violation;Subject Put, path hasAspect, object HoogtePut - aantal voorkomens wijkt af (exact=1);hasAspect;;Focus-node: type=Inspectieput, label=ID0500, hasAspect=knp3435_bre, hasAspect=knp3435_len, hasAspect=knp3435_put
knp3436;Put_HoogtePut_card;te weinig voorkomens;Violation;Subject Put, path hasAspect, object HoogtePut - aantal voorkomens wijkt af (exact=1);hasAspect;;Focus-node: type=Inspectieput, label=ID6391, hasAspect=knp3436_bre, hasAspect=knp3436_len, hasAspect=knp3436_put, hasAspect=knp3436_mat, hasAspect=knp3436_vor
knp3576;Put_HoogtePut_card;te weinig voorkomens;Violation;Subject Put, path hasAspect, object HoogtePut - aantal voorkomens wijkt af (exact=1);hasAspect;;Focus-node: type=Pompunit, label=KvBP0014, hasAspect=knp3576_bre, hasAspect=knp3576_len, hasAspect=knp3576_put, hasAspect=knp3576_mat, hasAspect=knp3576_vor
knp3577;Put_HoogtePut_card;te weinig voorkomens;Violation;Subject Put, path hasAspect, object HoogtePut - aantal voorkomens wijkt af (exact=1);hasAspect;;Focus-node: type=Pompunit, label=KvBP0016, hasAspect=knp3577_bre, hasAspect=knp3577_len, hasAspect=knp3577_put, hasAspect=knp3577_mat, hasAspect=knp3577_vor
knp3578;Put_HoogtePut_card;te weinig voorkomens;Violation;Subject Put, path hasAspect, object HoogtePut - aantal voorkomens wijkt af (exact=1);hasAspect;;Focus-node: type=Pompunit, label=KvBP0018, hasAspect=knp3578_bre, hasAspect=knp3578_len, hasAspect=knp3578_put, hasAspect=knp3578_mat, hasAspect=knp3578_vor
knp3572;Put_HoogtePut_card;te weinig voorkomens;Violation;Subject Put, path hasAspect, object HoogtePut - aantal voorkomens wijkt af (exact=1);hasAspect;;Focus-node: type=Pompunit, label=KvBP0006, hasAspect=knp3572_bre, hasAspect=knp3572_len, hasAspect=knp3572_put, hasAspect=knp3572_mat, hasAspect=knp3572_vor
knp3573;Put_HoogtePut_card;te weinig voorkomens;Violation;Subject Put, path hasAspect, object HoogtePut - aantal voorkomens wijkt af (exact=1);hasAspect;;Focus-node: type=Pompunit, label=KvBP0008, hasAspect=knp3573_bre, hasAspect=knp3573_len, hasAspect=knp3573_put, hasAspect=knp3573_mat, hasAspect=knp3573_vor
knp3574;Put_HoogtePut_card;te weinig voorkomens;Violation;Subject Put, path hasAspect, object HoogtePut - aantal voorkomens wijkt af (exact=1);hasAspect;;Focus-node: type=Pompunit, label=KvBP0010, hasAspect=knp3574_bre, hasAspect=knp3574_len, hasAspect=knp3574_put, hasAspect=knp3574_mat, hasAspect=knp3574_vor
knp3575;Put_HoogtePut_card;te weinig voorkomens;Violation;Subject Put, path hasAspect, object HoogtePut - aantal voorkomens wijkt af (exact=1);hasAspect;;Focus-node: type=Pompunit, label=KvBP0012, hasAspect=knp3575_bre, hasAspect=knp3575_len, hasAspect=knp3575_put, hasAspect=knp3575_mat, hasAspect=knp3575_vor
knp3571;Put_HoogtePut_card;te weinig voorkomens;Violation;Subject Put, path hasAspect, object HoogtePut - aantal voorkomens wijkt af (exact=1);hasAspect;;Focus-node: type=Pompunit, label=KvBP0004, hasAspect=knp3571_bre, hasAspect=knp3571_len, hasAspect=knp3571_put, hasAspect=knp3571_mat, hasAspect=knp3571_vor
knp3569;Put_HoogtePut_card;te weinig voorkomens;Violation;Subject Put, path hasAspect, object HoogtePut - aantal voorkomens wijkt af (exact=1);hasAspect;;Focus-node: type=Pompunit, label=KvBP0002, hasAspect=knp3569_bre, hasAspect=knp3569_len, hasAspect=knp3569_put, hasAspect=knp3569_mat, hasAspect=knp3569_vor
knp3560;Put_HoogtePut_card;te weinig voorkomens;Violation;Subject Put, path hasAspect, object HoogtePut - aantal voorkomens wijkt af (exact=1);hasAspect;;Focus-node: type=Inspectieput, label=ID7075, hasAspect=knp3560_bre, hasAspect=knp3560_len, hasAspect=knp3560_put
knp3599;Put_HoogtePut_card;te weinig voorkomens;Violation;Subject Put, path hasAspect, object HoogtePut - aantal voorkomens wijkt af (exact=1);hasAspect;;Focus-node: type=Pompunit, label=KvBP0060, hasAspect=knp3599_bre, hasAspect=knp3599_len, hasAspect=knp3599_put, hasAspect=knp3599_mat
knp3501;Put_HoogtePut_card;te weinig voorkomens;Violation;Subject Put, path hasAspect, object HoogtePut - aantal voorkomens wijkt af (exact=1);hasAspect;;Focus-node: type=Inspectieput, label=ID4155, hasAspect=knp3501_bre, hasAspect=knp3501_len, hasAspect=knp3501_put, hasAspect=knp3501_mat, hasAspect=knp3501_vor
knp3529;Put_HoogtePut_card;te weinig voorkomens;Violation;Subject Put, path hasAspect, object HoogtePut - aantal voorkomens wijkt af (exact=1);hasAspect;;Focus-node: type=Inspectieput, label=ID5026, hasAspect=knp3529_bre, hasAspect=knp3529_len, hasAspect=knp3529_put
knp3525;Put_HoogtePut_card;te weinig voorkomens;Violation;Subject Put, path hasAspect, object HoogtePut - aantal voorkomens wijkt af (exact=1);hasAspect;;Focus-node: type=Inspectieput, label=ID4724, hasAspect=knp3525_bre, hasAspect=knp3525_len, hasAspect=knp3525_put, hasAspect=knp3525_mat, hasAspect=knp3525_vor
knp3526;Put_HoogtePut_card;te weinig voorkomens;Violation;Subject Put, path hasAspect, object HoogtePut - aantal voorkomens wijkt af (exact=1);hasAspect;;Focus-node: type=Inspectieput, label=ID4725, hasAspect=knp3526_bre, hasAspect=knp3526_len, hasAspect=knp3526_put, hasAspect=knp3526_mat, hasAspect=knp3526_vor
knp3527;Put_HoogtePut_card;te weinig voorkomens;Violation;Subject Put, path hasAspect, object HoogtePut - aantal voorkomens wijkt af (exact=1);hasAspect;;Focus-node: type=Inspectieput, label=ID4726, hasAspect=knp3527_bre, hasAspect=knp3527_len, hasAspect=knp3527_put, hasAspect=knp3527_mat, hasAspect=knp3527_vor
knp3523;Put_HoogtePut_card;te weinig voorkomens;Violation;Subject Put, path hasAspect, object HoogtePut - aantal voorkomens wijkt af (exact=1);hasAspect;;Focus-node: type=Inspectieput, label=ID4722, hasAspect=knp3523_bre, hasAspect=knp3523_len, hasAspect=knp3523_put, hasAspect=knp3523_mat, hasAspect=knp3523_vor
knp3524;Put_HoogtePut_card;te weinig voorkomens;Violation;Subject Put, path hasAspect, object HoogtePut - aantal voorkomens wijkt af (exact=1);hasAspect;;Focus-node: type=Inspectieput, label=ID4723, hasAspect=knp3524_bre, hasAspect=knp3524_len, hasAspect=knp3524_put, hasAspect=knp3524_mat, hasAspect=knp3524_vor
knp3554;Put_HoogtePut_card;te weinig voorkomens;Violation;Subject Put, path hasAspect, object HoogtePut - aantal voorkomens wijkt af (exact=1);hasAspect;;Focus-node: type=Inspectieput, label=ID6971, hasAspect=knp3554_bre, hasAspect=knp3554_len, hasAspect=knp3554_put, hasAspect=knp3554_mat, hasAspect=knp3554_vor
knp3555;Put_HoogtePut_card;te weinig voorkomens;Violation;Subject Put, path hasAspect, object HoogtePut - aantal voorkomens wijkt af (exact=1);hasAspect;;Focus-node: type=Inspectieput, label=ID6972, hasAspect=knp3555_bre, hasAspect=knp3555_len, hasAspect=knp3555_put, hasAspect=knp3555_mat, hasAspect=knp3555_vor
knp3551;Put_HoogtePut_card;te weinig voorkomens;Violation;Subject Put, path hasAspect, object HoogtePut - aantal voorkomens wijkt af (exact=1);hasAspect;;Focus-node: type=Inspectieput, label=ID6968, hasAspect=knp3551_bre, hasAspect=knp3551_len, hasAspect=knp3551_put, hasAspect=knp3551_mat, hasAspect=knp3551_vor
knp3552;Put_HoogtePut_card;te weinig voorkomens;Violation;Subject Put, path hasAspect, object HoogtePut - aantal voorkomens wijkt af (exact=1);hasAspect;;Focus-node: type=Inspectieput, label=ID6969, hasAspect=knp3552_bre, hasAspect=knp3552_len, hasAspect=knp3552_put, hasAspect=knp3552_vor
knp3553;Put_HoogtePut_card;te weinig voorkomens;Violation;Subject Put, path hasAspect, object HoogtePut - aantal voorkomens wijkt af (exact=1);hasAspect;;Focus-node: type=Inspectieput, label=ID6970, hasAspect=knp3553_bre, hasAspect=knp3553_len, hasAspect=knp3553_put, hasAspect=knp3553_mat, hasAspect=knp3553_vor
knp3606;Put_HoogtePut_card;te weinig voorkomens;Violation;Subject Put, path hasAspect, object HoogtePut - aantal voorkomens wijkt af (exact=1);hasAspect;;Focus-node: type=Pompunit, label=KvBP0072, hasAspect=knp3606_bre, hasAspect=knp3606_len, hasAspect=knp3606_put, hasAspect=knp3606_mat, hasAspect=knp3606_vor
knp3607;Put_HoogtePut_card;te weinig voorkomens;Violation;Subject Put, path hasAspect, object HoogtePut - aantal voorkomens wijkt af (exact=1);hasAspect;;Focus-node: type=Pompunit, label=KvBP0074, hasAspect=knp3607_bre, hasAspect=knp3607_len, hasAspect=knp3607_put, hasAspect=knp3607_mat, hasAspect=knp3607_vor
knp3608;Put_HoogtePut_card;te weinig voorkomens;Violation;Subject Put, path hasAspect, object HoogtePut - aantal voorkomens wijkt af (exact=1);hasAspect;;Focus-node: type=Pompunit, label=KvBP0076, hasAspect=knp3608_bre, hasAspect=knp3608_len, hasAspect=knp3608_put, hasAspect=knp3608_mat, hasAspect=knp3608_vor
knp3609;Put_HoogtePut_card;te weinig voorkomens;Violation;Subject Put, path hasAspect, object HoogtePut - aantal voorkomens wijkt af (exact=1);hasAspect;;Focus-node: type=Pompunit, label=KvBP0078, hasAspect=knp3609_bre, hasAspect=knp3609_len, hasAspect=knp3609_put, hasAspect=knp3609_mat, hasAspect=knp3609_vor
knp3613;Put_HoogtePut_card;te weinig voorkomens;Violation;Subject Put, path hasAspect, object HoogtePut - aantal voorkomens wijkt af (exact=1);hasAspect;;Focus-node: type=Pompunit, label=KvBP0086, hasAspect=knp3613_bre, hasAspect=knp3613_len, hasAspect=knp3613_put, hasAspect=knp3613_mat, hasAspect=knp3613_vor
knp3614;Put_HoogtePut_card;te weinig voorkomens;Violation;Subject Put, path hasAspect, object HoogtePut - aantal voorkomens wijkt af (exact=1);hasAspect;;Focus-node: type=Pompunit, label=KvBP0088, hasAspect=knp3614_bre, hasAspect=knp3614_len, hasAspect=knp3614_put, hasAspect=knp3614_mat, hasAspect=knp3614_vor
knp3615;Put_HoogtePut_card;te weinig voorkomens;Violation;Subject Put, path hasAspect, object HoogtePut - aantal voorkomens wijkt af (exact=1);hasAspect;;Focus-node: type=Pompunit, label=KvBP0090, hasAspect=knp3615_bre, hasAspect=knp3615_len, hasAspect=knp3615_put, hasAspect=knp3615_mat, hasAspect=knp3615_vor
knp3616;Put_HoogtePut_card;te weinig voorkomens;Violation;Subject Put, path hasAspect, object HoogtePut - aantal voorkomens wijkt af (exact=1);hasAspect;;Focus-node: type=Pompunit, label=KvBP0092, hasAspect=knp3616_bre, hasAspect=knp3616_len, hasAspect=knp3616_put, hasAspect=knp3616_mat, hasAspect=knp3616_vor
knp3610;Put_HoogtePut_card;te weinig voorkomens;Violation;Subject Put, path hasAspect, object HoogtePut - aantal voorkomens wijkt af (exact=1);hasAspect;;Focus-node: type=Pompunit, label=KvBP0080, hasAspect=knp3610_bre, hasAspect=knp3610_len, hasAspect=knp3610_put, hasAspect=knp3610_mat, hasAspect=knp3610_vor
knp3611;Put_HoogtePut_card;te weinig voorkomens;Violation;Subject Put, path hasAspect, object HoogtePut - aantal voorkomens wijkt af (exact=1);hasAspect;;Focus-node: type=Pompunit, label=KvBP0082, hasAspect=knp3611_bre, hasAspect=knp3611_len, hasAspect=knp3611_put, hasAspect=knp3611_mat, hasAspect=knp3611_vor
knp3612;Put_HoogtePut_card;te weinig voorkomens;Violation;Subject Put, path hasAspect, object HoogtePut - aantal voorkomens wijkt af (exact=1);hasAspect;;Focus-node: type=Pompunit, label=KvBP0084, hasAspect=knp3612_bre, hasAspect=knp3612_len, hasAspect=knp3612_put, hasAspect=knp3612_vor
knp3602;Put_HoogtePut_card;te weinig voorkomens;Violation;Subject Put, path hasAspect, object HoogtePut - aantal voorkomens wijkt af (exact=1);hasAspect;;Focus-node: type=Pompunit, label=KvBP0066, hasAspect=knp3602_bre, hasAspect=knp3602_len, hasAspect=knp3602_put, hasAspect=knp3602_vor
knp3603;Put_HoogtePut_card;te weinig voorkomens;Violation;Subject Put, path hasAspect, object HoogtePut - aantal voorkomens wijkt af (exact=1);hasAspect;;Focus-node: type=Pompunit, label=KvBP0068, hasAspect=knp3603_bre, hasAspect=knp3603_len, hasAspect=knp3603_put, hasAspect=knp3603_mat, hasAspect=knp3603_vor
knp3604;Put_HoogtePut_card;te weinig voorkomens;Violation;Subject Put, path hasAspect, object HoogtePut - aantal voorkomens wijkt af (exact=1);hasAspect;;Focus-node: type=Pompunit, label=KvBP0070, hasAspect=knp3604_bre, hasAspect=knp3604_len, hasAspect=knp3604_put, hasAspect=knp3604_mat, hasAspect=knp3604_vor
knp3605;Put_HoogtePut_card;te weinig voorkomens;Violation;Subject Put, path hasAspect, object HoogtePut - aantal voorkomens wijkt af (exact=1);hasAspect;;Focus-node: type=Pompunit, label=KvBP0071, hasAspect=knp3605_bre, hasAspect=knp3605_len, hasAspect=knp3605_put, hasAspect=knp3605_mat, hasAspect=knp3605_vor
knp3600;Put_HoogtePut_card;te weinig voorkomens;Violation;Subject Put, path hasAspect, object HoogtePut - aantal voorkomens wijkt af (exact=1);hasAspect;;Focus-node: type=Pompunit, label=KvBP0062, hasAspect=knp3600_bre, hasAspect=knp3600_len, hasAspect=knp3600_put, hasAspect=knp3600_mat, hasAspect=knp3600_vor
knp3601;Put_HoogtePut_card;te weinig voorkomens;Violation;Subject Put, path hasAspect, object HoogtePut - aantal voorkomens wijkt af (exact=1);hasAspect;;Focus-node: type=Pompunit, label=KvBP0064, hasAspect=knp3601_bre, hasAspect=knp3601_len, hasAspect=knp3601_put, hasAspect=knp3601_mat, hasAspect=knp3601_vor
knp3635;Put_HoogtePut_card;te weinig voorkomens;Violation;Subject Put, path hasAspect, object HoogtePut - aantal voorkomens wijkt af (exact=1);hasAspect;;Focus-node: type=Pompunit, label=KvBP0130, hasAspect=knp3635_bre, hasAspect=knp3635_len, hasAspect=knp3635_put, hasAspect=knp3635_mat, hasAspect=knp3635_vor
knp3637;Put_HoogtePut_card;te weinig voorkomens;Violation;Subject Put, path hasAspect, object HoogtePut - aantal voorkomens wijkt af (exact=1);hasAspect;;Focus-node: type=Pompunit, label=KvBP0134, hasAspect=knp3637_bre, hasAspect=knp3637_len, hasAspect=knp3637_put, hasAspect=knp3637_mat, hasAspect=knp3637_vor
knp3617;Put_HoogtePut_card;te weinig voorkomens;Violation;Subject Put, path hasAspect, object HoogtePut - aantal voorkomens wijkt af (exact=1);hasAspect;;Focus-node: type=Pompunit, label=KvBP0094, hasAspect=knp3617_bre, hasAspect=knp3617_len, hasAspect=knp3617_put, hasAspect=knp3617_mat, hasAspect=knp3617_vor
knp3618;Put_HoogtePut_card;te weinig voorkomens;Violation;Subject Put, path hasAspect, object HoogtePut - aantal voorkomens wijkt af (exact=1);hasAspect;;Focus-node: type=Pompunit, label=KvBP0096, hasAspect=knp3618_bre, hasAspect=knp3618_len, hasAspect=knp3618_put, hasAspect=knp3618_mat, hasAspect=knp3618_vor
knp3620;Put_HoogtePut_card;te weinig voorkomens;Violation;Subject Put, path hasAspect, object HoogtePut - aantal voorkomens wijkt af (exact=1);hasAspect;;Focus-node: type=Pompunit, label=KvBP0100, hasAspect=knp3620_bre, hasAspect=knp3620_len, hasAspect=knp3620_put, hasAspect=knp3620_mat, hasAspect=knp3620_vor
knp3621;Put_HoogtePut_card;te weinig voorkomens;Violation;Subject Put, path hasAspect, object HoogtePut - aantal voorkomens wijkt af (exact=1);hasAspect;;Focus-node: type=Pompunit, label=KvBP0102, hasAspect=knp3621_bre, hasAspect=knp3621_len, hasAspect=knp3621_put, hasAspect=knp3621_mat
knp3456;LengtePut_val;0 (integer) ;Warning;Kenmerk LengtePut - waarde wijkt af (min=300,max=4000);hasAspect;;Focus-node: type=Inspectieput, label=Kv1G0040, hasAspect=knp3456_bre, hasAspect=knp3456_len, hasAspect=knp3456_put, hasAspect=knp3456_bgd
knp3457;LengtePut_val;0 (integer) ;Warning;Kenmerk LengtePut - waarde wijkt af (min=300,max=4000);hasAspect;;Focus-node: type=Inspectieput, label=Kv1G0042, hasAspect=knp3457_bre, hasAspect=knp3457_len, hasAspect=knp3457_put, hasAspect=knp3457_bgd
knp3458;LengtePut_val;0 (integer) ;Warning;Kenmerk LengtePut - waarde wijkt af (min=300,max=4000);hasAspect;;Focus-node: type=Inspectieput, label=Kv1G0044, hasAspect=knp3458_bre, hasAspect=knp3458_len, hasAspect=knp3458_put, hasAspect=knp3458_bgd
knp3560;LengtePut_val;0 (integer) ;Warning;Kenmerk LengtePut - waarde wijkt af (min=300,max=4000);hasAspect;;Focus-node: type=Inspectieput, label=ID7075, hasAspect=knp3560_bre, hasAspect=knp3560_len, hasAspect=knp3560_put
knp3599;LengtePut_val;0 (integer) ;Warning;Kenmerk LengtePut - waarde wijkt af (min=300,max=4000);hasAspect;;Focus-node: type=Pompunit, label=KvBP0060, hasAspect=knp3599_bre, hasAspect=knp3599_len, hasAspect=knp3599_put, hasAspect=knp3599_mat
knp3529;LengtePut_val;0 (integer) ;Warning;Kenmerk LengtePut - waarde wijkt af (min=300,max=4000);hasAspect;;Focus-node: type=Inspectieput, label=ID5026, hasAspect=knp3529_bre, hasAspect=knp3529_len, hasAspect=knp3529_put
knp3456;Put_VormPut_card;te weinig voorkomens;Violation;Subject Put, path hasAspect, object VormPut - aantal voorkomens wijkt af (exact=1);hasAspect;;Focus-node: type=Inspectieput, label=Kv1G0040, hasAspect=knp3456_bre, hasAspect=knp3456_len, hasAspect=knp3456_put, hasAspect=knp3456_bgd
knp3457;Put_VormPut_card;te weinig voorkomens;Violation;Subject Put, path hasAspect, object VormPut - aantal voorkomens wijkt af (exact=1);hasAspect;;Focus-node: type=Inspectieput, label=Kv1G0042, hasAspect=knp3457_bre, hasAspect=knp3457_len, hasAspect=knp3457_put, hasAspect=knp3457_bgd
knp3458;Put_VormPut_card;te weinig voorkomens;Violation;Subject Put, path hasAspect, object VormPut - aantal voorkomens wijkt af (exact=1);hasAspect;;Focus-node: type=Inspectieput, label=Kv1G0044, hasAspect=knp3458_bre, hasAspect=knp3458_len, hasAspect=knp3458_put, hasAspect=knp3458_bgd
knp3463;Put_VormPut_card;te weinig voorkomens;Violation;Subject Put, path hasAspect, object VormPut - aantal voorkomens wijkt af (exact=1);hasAspect;;Focus-node: type=Inspectieput, label=Kv1X0002, hasAspect=knp3463_bre, hasAspect=knp3463_len, hasAspect=knp3463_put
knp3435;Put_VormPut_card;te weinig voorkomens;Violation;Subject Put, path hasAspect, object VormPut - aantal voorkomens wijkt af (exact=1);hasAspect;;Focus-node: type=Inspectieput, label=ID0500, hasAspect=knp3435_bre, hasAspect=knp3435_len, hasAspect=knp3435_put
knp3560;Put_VormPut_card;te weinig voorkomens;Violation;Subject Put, path hasAspect, object VormPut - aantal voorkomens wijkt af (exact=1);hasAspect;;Focus-node: type=Inspectieput, label=ID7075, hasAspect=knp3560_bre, hasAspect=knp3560_len, hasAspect=knp3560_put
knp3599;Put_VormPut_card;te weinig voorkomens;Violation;Subject Put, path hasAspect, object VormPut - aantal voorkomens wijkt af (exact=1);hasAspect;;Focus-node: type=Pompunit, label=KvBP0060, hasAspect=knp3599_bre, hasAspect=knp3599_len, hasAspect=knp3599_put, hasAspect=knp3599_mat
knp3529;Put_VormPut_card;te weinig voorkomens;Violation;Subject Put, path hasAspect, object VormPut - aantal voorkomens wijkt af (exact=1);hasAspect;;Focus-node: type=Inspectieput, label=ID5026, hasAspect=knp3529_bre, hasAspect=knp3529_len, hasAspect=knp3529_put
knp3621;Put_VormPut_card;te weinig voorkomens;Violation;Subject Put, path hasAspect, object VormPut - aantal voorkomens wijkt af (exact=1);hasAspect;;Focus-node: type=Pompunit, label=KvBP0102, hasAspect=knp3621_bre, hasAspect=knp3621_len, hasAspect=knp3621_put, hasAspect=knp3621_mat
knp3456;BreedtePut_val;0 (integer) ;Warning;Kenmerk BreedtePut - waarde wijkt af (min=300,max=4000);hasAspect;;Focus-node: type=Inspectieput, label=Kv1G0040, hasAspect=knp3456_bre, hasAspect=knp3456_len, hasAspect=knp3456_put, hasAspect=knp3456_bgd
knp3457;BreedtePut_val;0 (integer) ;Warning;Kenmerk BreedtePut - waarde wijkt af (min=300,max=4000);hasAspect;;Focus-node: type=Inspectieput, label=Kv1G0042, hasAspect=knp3457_bre, hasAspect=knp3457_len, hasAspect=knp3457_put, hasAspect=knp3457_bgd
knp3458;BreedtePut_val;0 (integer) ;Warning;Kenmerk BreedtePut - waarde wijkt af (min=300,max=4000);hasAspect;;Focus-node: type=Inspectieput, label=Kv1G0044, hasAspect=knp3458_bre, hasAspect=knp3458_len, hasAspect=knp3458_put, hasAspect=knp3458_bgd
knp3560;BreedtePut_val;0 (integer) ;Warning;Kenmerk BreedtePut - waarde wijkt af (min=300,max=4000);hasAspect;;Focus-node: type=Inspectieput, label=ID7075, hasAspect=knp3560_bre, hasAspect=knp3560_len, hasAspect=knp3560_put
knp3599;BreedtePut_val;0 (integer) ;Warning;Kenmerk BreedtePut - waarde wijkt af (min=300,max=4000);hasAspect;;Focus-node: type=Pompunit, label=KvBP0060, hasAspect=knp3599_bre, hasAspect=knp3599_len, hasAspect=knp3599_put, hasAspect=knp3599_mat
knp3529;BreedtePut_val;0 (integer) ;Warning;Kenmerk BreedtePut - waarde wijkt af (min=300,max=4000);hasAspect;;Focus-node: type=Inspectieput, label=ID5026, hasAspect=knp3529_bre, hasAspect=knp3529_len, hasAspect=knp3529_put
MechanischRioolstelsel;CfkTypes_typ;;Violation;Type individu wijkt af (is abstract, te globaal binnen CFK);b178031;;
Rioolstelsel;CfkTypes_typ;;Violation;Type individu wijkt af (is abstract, te globaal binnen CFK);b178033;;
Overstortput;CfkTypes_typ;;Violation;Type individu wijkt af (is abstract, te globaal binnen CFK);b178035;;
knp3495;Knooppunt_Netwerk_conn;knp3495_put3495;Violation;Knooppunt (orientatie van Put, Bouwwerk, Compartiment, Hulpstuk, Aansluitpunt) heeft geen verbinding;hasAspect;;Focus-node: type=T_stuk, label=ID4148, hasAspect=knp3495_put3495
knp3496;Knooppunt_Netwerk_conn;knp3496_put3496;Violation;Knooppunt (orientatie van Put, Bouwwerk, Compartiment, Hulpstuk, Aansluitpunt) heeft geen verbinding;hasAspect;;Focus-node: type=T_stuk, label=ID4149, hasAspect=knp3496_put3496
knp3491;Knooppunt_Netwerk_conn;knp3491_put3491;Violation;Knooppunt (orientatie van Put, Bouwwerk, Compartiment, Hulpstuk, Aansluitpunt) heeft geen verbinding;hasAspect;;Focus-node: type=T_stuk, label=ID4144, hasAspect=knp3491_put3491
knp3492;Knooppunt_Netwerk_conn;knp3492_put3492;Violation;Knooppunt (orientatie van Put, Bouwwerk, Compartiment, Hulpstuk, Aansluitpunt) heeft geen verbinding;hasAspect;;Focus-node: type=T_stuk, label=ID4145, hasAspect=knp3492_put3492
knp3493;Knooppunt_Netwerk_conn;knp3493_put3493;Violation;Knooppunt (orientatie van Put, Bouwwerk, Compartiment, Hulpstuk, Aansluitpunt) heeft geen verbinding;hasAspect;;Focus-node: type=T_stuk, label=ID4146, hasAspect=knp3493_put3493
knp3494;Knooppunt_Netwerk_conn;knp3494_put3494;Violation;Knooppunt (orientatie van Put, Bouwwerk, Compartiment, Hulpstuk, Aansluitpunt) heeft geen verbinding;hasAspect;;Focus-node: type=T_stuk, label=ID4147, hasAspect=knp3494_put3494
knp3565;Knooppunt_Netwerk_conn;knp3565_put3565;Violation;Knooppunt (orientatie van Put, Bouwwerk, Compartiment, Hulpstuk, Aansluitpunt) heeft geen verbinding;hasAspect;;Focus-node: type=T_stuk, label=ID8365, hasAspect=knp3565_put3565
knp3561;Knooppunt_Netwerk_conn;knp3561_put3561;Violation;Knooppunt (orientatie van Put, Bouwwerk, Compartiment, Hulpstuk, Aansluitpunt) heeft geen verbinding;hasAspect;;Focus-node: type=T_stuk, label=ID7076, hasAspect=knp3561_put3561
knp3562;Knooppunt_Netwerk_conn;knp3562_put3562;Violation;Knooppunt (orientatie van Put, Bouwwerk, Compartiment, Hulpstuk, Aansluitpunt) heeft geen verbinding;hasAspect;;Focus-node: type=T_stuk, label=ID8362, hasAspect=knp3562_put3562
knp3563;Knooppunt_Netwerk_conn;knp3563_put3563;Violation;Knooppunt (orientatie van Put, Bouwwerk, Compartiment, Hulpstuk, Aansluitpunt) heeft geen verbinding;hasAspect;;Focus-node: type=T_stuk, label=ID8363, hasAspect=knp3563_put3563
knp3564;Knooppunt_Netwerk_conn;knp3564_put3564;Violation;Knooppunt (orientatie van Put, Bouwwerk, Compartiment, Hulpstuk, Aansluitpunt) heeft geen verbinding;hasAspect;;Focus-node: type=T_stuk, label=ID8364, hasAspect=knp3564_put3564
knp3507;Knooppunt_Netwerk_conn;knp3507_put3507;Violation;Knooppunt (orientatie van Put, Bouwwerk, Compartiment, Hulpstuk, Aansluitpunt) heeft geen verbinding;hasAspect;;Focus-node: type=T_stuk, label=ID4629, hasAspect=knp3507_put3507
knp3508;Knooppunt_Netwerk_conn;knp3508_put3508;Violation;Knooppunt (orientatie van Put, Bouwwerk, Compartiment, Hulpstuk, Aansluitpunt) heeft geen verbinding;hasAspect;;Focus-node: type=T_stuk, label=ID4630, hasAspect=knp3508_put3508
knp3503;Knooppunt_Netwerk_conn;knp3503_put3503;Violation;Knooppunt (orientatie van Put, Bouwwerk, Compartiment, Hulpstuk, Aansluitpunt) heeft geen verbinding;hasAspect;;Focus-node: type=T_stuk, label=ID4625, hasAspect=knp3503_put3503
knp3504;Knooppunt_Netwerk_conn;knp3504_put3504;Violation;Knooppunt (orientatie van Put, Bouwwerk, Compartiment, Hulpstuk, Aansluitpunt) heeft geen verbinding;hasAspect;;Focus-node: type=T_stuk, label=ID4626, hasAspect=knp3504_put3504
knp3505;Knooppunt_Netwerk_conn;knp3505_put3505;Violation;Knooppunt (orientatie van Put, Bouwwerk, Compartiment, Hulpstuk, Aansluitpunt) heeft geen verbinding;hasAspect;;Focus-node: type=T_stuk, label=ID4627, hasAspect=knp3505_put3505
knp3506;Knooppunt_Netwerk_conn;knp3506_put3506;Violation;Knooppunt (orientatie van Put, Bouwwerk, Compartiment, Hulpstuk, Aansluitpunt) heeft geen verbinding;hasAspect;;Focus-node: type=T_stuk, label=ID4628, hasAspect=knp3506_put3506
knp3502;Knooppunt_Netwerk_conn;knp3502_put3502;Violation;Knooppunt (orientatie van Put, Bouwwerk, Compartiment, Hulpstuk, Aansluitpunt) heeft geen verbinding;hasAspect;;Focus-node: type=T_stuk, label=ID4624, hasAspect=knp3502_put3502
knp3530;Knooppunt_Netwerk_conn;knp3530_put3530;Violation;Knooppunt (orientatie van Put, Bouwwerk, Compartiment, Hulpstuk, Aansluitpunt) heeft geen verbinding;hasAspect;;Focus-node: type=T_stuk, label=ID5027, hasAspect=knp3530_put3530
knp3531;Knooppunt_Netwerk_conn;knp3531_put3531;Violation;Knooppunt (orientatie van Put, Bouwwerk, Compartiment, Hulpstuk, Aansluitpunt) heeft geen verbinding;hasAspect;;Focus-node: type=Afsluitstuk, label=ID5028, hasAspect=knp3531_put3531
knp3522;Knooppunt_Netwerk_conn;knp3522_put3522;Violation;Knooppunt (orientatie van Put, Bouwwerk, Compartiment, Hulpstuk, Aansluitpunt) heeft geen verbinding;hasAspect;;Focus-node: type=T_stuk, label=ID4721, hasAspect=knp3522_put3522
knp3558;Knooppunt_Netwerk_conn;knp3558_put3558;Violation;Knooppunt (orientatie van Put, Bouwwerk, Compartiment, Hulpstuk, Aansluitpunt) heeft geen verbinding;hasAspect;;Focus-node: type=T_stuk, label=ID7073, hasAspect=knp3558_put3558
knp3559;Knooppunt_Netwerk_conn;knp3559_put3559;Violation;Knooppunt (orientatie van Put, Bouwwerk, Compartiment, Hulpstuk, Aansluitpunt) heeft geen verbinding;hasAspect;;Focus-node: type=T_stuk, label=ID7074, hasAspect=knp3559_put3559
knp3556;Knooppunt_Netwerk_conn;knp3556_put3556;Violation;Knooppunt (orientatie van Put, Bouwwerk, Compartiment, Hulpstuk, Aansluitpunt) heeft geen verbinding;hasAspect;;Focus-node: type=T_stuk, label=ID7071, hasAspect=knp3556_put3556
knp3557;Knooppunt_Netwerk_conn;knp3557_put3557;Violation;Knooppunt (orientatie van Put, Bouwwerk, Compartiment, Hulpstuk, Aansluitpunt) heeft geen verbinding;hasAspect;;Focus-node: type=T_stuk, label=ID7072, hasAspect=knp3557_put3557
knp3550;Knooppunt_Netwerk_conn;knp3550_put3550;Violation;Knooppunt (orientatie van Put, Bouwwerk, Compartiment, Hulpstuk, Aansluitpunt) heeft geen verbinding;hasAspect;;Focus-node: type=T_stuk, label=ID6967, hasAspect=knp3550_put3550
knp3548;Knooppunt_Netwerk_conn;knp3548_put3548;Violation;Knooppunt (orientatie van Put, Bouwwerk, Compartiment, Hulpstuk, Aansluitpunt) heeft geen verbinding;hasAspect;;Focus-node: type=T_stuk, label=ID6276, hasAspect=knp3548_put3548
knp3549;Knooppunt_Netwerk_conn;knp3549_put3549;Violation;Knooppunt (orientatie van Put, Bouwwerk, Compartiment, Hulpstuk, Aansluitpunt) heeft geen verbinding;hasAspect;;Focus-node: type=T_stuk, label=ID6538, hasAspect=knp3549_put3549
knp3540;Knooppunt_Netwerk_conn;knp3540_put3540;Violation;Knooppunt (orientatie van Put, Bouwwerk, Compartiment, Hulpstuk, Aansluitpunt) heeft geen verbinding;hasAspect;;Focus-node: type=T_stuk, label=ID5758, hasAspect=knp3540_put3540
knp3541;Knooppunt_Netwerk_conn;knp3541_put3541;Violation;Knooppunt (orientatie van Put, Bouwwerk, Compartiment, Hulpstuk, Aansluitpunt) heeft geen verbinding;hasAspect;;Focus-node: type=T_stuk, label=ID5759, hasAspect=knp3541_put3541
lei3573-3504-1_lei3381_ein3381;EindpuntLeiding_Knooppunt_card;te weinig voorkomens;Violation;Subject EindpuntLeiding, path hasConnection, object Knooppunt - aantal voorkomens wijkt af (exact=1);b180995;;Focus-node: type=EindpuntLeiding, hasAspect=lei3573-3504-1_lei3381_ein3381_bob, hasConnection=knp3504_put
lei3578-3508-1_lei3389_ein3389;EindpuntLeiding_Knooppunt_card;te weinig voorkomens;Violation;Subject EindpuntLeiding, path hasConnection, object Knooppunt - aantal voorkomens wijkt af (exact=1);b181410;;Focus-node: type=EindpuntLeiding, hasAspect=lei3578-3508-1_lei3389_ein3389_bob, hasConnection=knp3508_put
lei3621-3496-1_lei3368_ein3368;EindpuntLeiding_Knooppunt_card;te weinig voorkomens;Violation;Subject EindpuntLeiding, path hasConnection, object Knooppunt - aantal voorkomens wijkt af (exact=1);b181515;;Focus-node: type=EindpuntLeiding, hasAspect=lei3621-3496-1_lei3368_ein3368_bob, hasConnection=knp3496_put
lei3540-3563-1_lei3436_ein3436;EindpuntLeiding_Knooppunt_card;te weinig voorkomens;Violation;Subject EindpuntLeiding, path hasConnection, object Knooppunt - aantal voorkomens wijkt af (exact=1);b181575;;Focus-node: type=EindpuntLeiding, hasAspect=lei3540-3563-1_lei3436_ein3436_bob, hasConnection=knp3563_put
lei3491-3493-1_lei3356_ein3356;EindpuntLeiding_Knooppunt_card;te weinig voorkomens;Violation;Subject EindpuntLeiding, path hasConnection, object Knooppunt - aantal voorkomens wijkt af (exact=1);b181860;;Focus-node: type=EindpuntLeiding, hasAspect=lei3491-3493-1_lei3356_ein3356_bob, hasConnection=knp3493_put
lei3569-3503-1_lei3378_ein3378;EindpuntLeiding_Knooppunt_card;te weinig voorkomens;Violation;Subject EindpuntLeiding, path hasConnection, object Knooppunt - aantal voorkomens wijkt af (exact=1);b181955;;Focus-node: type=EindpuntLeiding, hasAspect=lei3569-3503-1_lei3378_ein3378_bob, hasConnection=knp3503_put
lei3548-3492-1_lei3358_ein3358;EindpuntLeiding_Knooppunt_card;te weinig voorkomens;Violation;Subject EindpuntLeiding, path hasConnection, object Knooppunt - aantal voorkomens wijkt af (exact=1);b181980;;Focus-node: type=EindpuntLeiding, hasAspect=lei3548-3492-1_lei3358_ein3358_bob, hasConnection=knp3492_put
lei3508-3506-1_lei3386_ein3386;EindpuntLeiding_Knooppunt_card;te weinig voorkomens;Violation;Subject EindpuntLeiding, path hasConnection, object Knooppunt - aantal voorkomens wijkt af (exact=1);b182225;;Focus-node: type=EindpuntLeiding, hasAspect=lei3508-3506-1_lei3386_ein3386_bob, hasConnection=knp3506_put
lei3505-3562-1_lei3383_ein3383;EindpuntLeiding_Knooppunt_card;te weinig voorkomens;Violation;Subject EindpuntLeiding, path hasConnection, object Knooppunt - aantal voorkomens wijkt af (exact=1);b182240;;Focus-node: type=EindpuntLeiding, hasAspect=lei3505-3562-1_lei3383_ein3383_bob, hasConnection=knp3562_put
lei3495-3550-1_lei3364_ein3364;EindpuntLeiding_Knooppunt_card;te weinig voorkomens;Violation;Subject EindpuntLeiding, path hasConnection, object Knooppunt - aantal voorkomens wijkt af (exact=1);b182290;;Focus-node: type=EindpuntLeiding, hasAspect=lei3495-3550-1_lei3364_ein3364_bob, hasConnection=knp3550_put
lei3617-3491-1_lei3357_ein3357;EindpuntLeiding_Knooppunt_card;te weinig voorkomens;Violation;Subject EindpuntLeiding, path hasConnection, object Knooppunt - aantal voorkomens wijkt af (exact=1);b182310;;Focus-node: type=EindpuntLeiding, hasAspect=lei3617-3491-1_lei3357_ein3357_bob, hasConnection=knp3491_put
lei3496-3548-1_lei3366_ein3366;EindpuntLeiding_Knooppunt_card;te weinig voorkomens;Violation;Subject EindpuntLeiding, path hasConnection, object Knooppunt - aantal voorkomens wijkt af (exact=1);b182380;;Focus-node: type=EindpuntLeiding, hasAspect=lei3496-3548-1_lei3366_ein3366_bob, hasConnection=knp3548_put
lei3577-3506-1_lei3387_ein3387;EindpuntLeiding_Knooppunt_card;te weinig voorkomens;Violation;Subject EindpuntLeiding, path hasConnection, object Knooppunt - aantal voorkomens wijkt af (exact=1);b182565;;Focus-node: type=EindpuntLeiding, hasAspect=lei3577-3506-1_lei3387_ein3387_bob, hasConnection=knp3506_put
lei3605-3561-1_lei3464_ein3464;EindpuntLeiding_Knooppunt_card;te weinig voorkomens;Violation;Subject EindpuntLeiding, path hasConnection, object Knooppunt - aantal voorkomens wijkt af (exact=1);b182955;;Focus-node: type=EindpuntLeiding, hasAspect=lei3605-3561-1_lei3464_ein3464_bob, hasConnection=knp3561_put
lei3556-3549-1_lei3444_ein3444;EindpuntLeiding_Knooppunt_card;te weinig voorkomens;Violation;Subject EindpuntLeiding, path hasConnection, object Knooppunt - aantal voorkomens wijkt af (exact=1);b183025;;Focus-node: type=EindpuntLeiding, hasAspect=lei3556-3549-1_lei3444_ein3444_bob, hasConnection=knp3549_put
lei3612-3556-1_lei3455_ein3455;EindpuntLeiding_Knooppunt_card;te weinig voorkomens;Violation;Subject EindpuntLeiding, path hasConnection, object Knooppunt - aantal voorkomens wijkt af (exact=1);b183080;;Focus-node: type=EindpuntLeiding, hasAspect=lei3612-3556-1_lei3455_ein3455_bob, hasConnection=knp3556_put
lei3507-3506-1_lei3385_ein3385;EindpuntLeiding_Knooppunt_card;te weinig voorkomens;Violation;Subject EindpuntLeiding, path hasConnection, object Knooppunt - aantal voorkomens wijkt af (exact=1);b183250;;Focus-node: type=EindpuntLeiding, hasAspect=lei3507-3506-1_lei3385_ein3385_bob, hasConnection=knp3506_put
lei3493-3494-1_lei3360_ein3360;EindpuntLeiding_Knooppunt_card;te weinig voorkomens;Violation;Subject EindpuntLeiding, path hasConnection, object Knooppunt - aantal voorkomens wijkt af (exact=1);b183470;;Focus-node: type=EindpuntLeiding, hasAspect=lei3493-3494-1_lei3360_ein3360_bob, hasConnection=knp3494_put
lei3564-3565-1_lei3466_ein3466;EindpuntLeiding_Knooppunt_card;te weinig voorkomens;Violation;Subject EindpuntLeiding, path hasConnection, object Knooppunt - aantal voorkomens wijkt af (exact=1);b183805;;Focus-node: type=EindpuntLeiding, hasAspect=lei3564-3565-1_lei3466_ein3466_bob, hasConnection=knp3565_put
lei3620-3496-1_lei3367_ein3367;EindpuntLeiding_Knooppunt_card;te weinig voorkomens;Violation;Subject EindpuntLeiding, path hasConnection, object Knooppunt - aantal voorkomens wijkt af (exact=1);b184125;;Focus-node: type=EindpuntLeiding, hasAspect=lei3620-3496-1_lei3367_ein3367_bob, hasConnection=knp3496_put
lei3571-3502-1_lei3376_ein3376;EindpuntLeiding_Knooppunt_card;te weinig voorkomens;Violation;Subject EindpuntLeiding, path hasConnection, object Knooppunt - aantal voorkomens wijkt af (exact=1);b184335;;Focus-node: type=EindpuntLeiding, hasAspect=lei3571-3502-1_lei3376_ein3376_bob, hasConnection=knp3502_put
lei3502-3503-1_lei3374_ein3374;EindpuntLeiding_Knooppunt_card;te weinig voorkomens;Violation;Subject EindpuntLeiding, path hasConnection, object Knooppunt - aantal voorkomens wijkt af (exact=1);b184615;;Focus-node: type=EindpuntLeiding, hasAspect=lei3502-3503-1_lei3374_ein3374_bob, hasConnection=knp3503_put
lei3615-3494-1_lei3363_ein3363;EindpuntLeiding_Knooppunt_card;te weinig voorkomens;Violation;Subject EindpuntLeiding, path hasConnection, object Knooppunt - aantal voorkomens wijkt af (exact=1);b184720;;Focus-node: type=EindpuntLeiding, hasAspect=lei3615-3494-1_lei3363_ein3363_bob, hasConnection=knp3494_put
lei3609-3557-1_lei3457_ein3457;EindpuntLeiding_Knooppunt_card;te weinig voorkomens;Violation;Subject EindpuntLeiding, path hasConnection, object Knooppunt - aantal voorkomens wijkt af (exact=1);b185095;;Focus-node: type=EindpuntLeiding, hasAspect=lei3609-3557-1_lei3457_ein3457_bob, hasConnection=knp3557_put
lei3610-3557-1_lei3458_ein3458;EindpuntLeiding_Knooppunt_card;te weinig voorkomens;Violation;Subject EindpuntLeiding, path hasConnection, object Knooppunt - aantal voorkomens wijkt af (exact=1);b185345;;Focus-node: type=EindpuntLeiding, hasAspect=lei3610-3557-1_lei3458_ein3458_bob, hasConnection=knp3557_put
lei3608-3557-1_lei3456_ein3456;EindpuntLeiding_Knooppunt_card;te weinig voorkomens;Violation;Subject EindpuntLeiding, path hasConnection, object Knooppunt - aantal voorkomens wijkt af (exact=1);b185410;;Focus-node: type=EindpuntLeiding, hasAspect=lei3608-3557-1_lei3456_ein3456_bob, hasConnection=knp3557_put
lei3561-3559-1_lei3462_ein3462;EindpuntLeiding_Knooppunt_card;te weinig voorkomens;Violation;Subject EindpuntLeiding, path hasConnection, object Knooppunt - aantal voorkomens wijkt af (exact=1);b185545;;Focus-node: type=EindpuntLeiding, hasAspect=lei3561-3559-1_lei3462_ein3462_bob, hasConnection=knp3559_put
lei3616-3493-1_lei3361_ein3361;EindpuntLeiding_Knooppunt_card;te weinig voorkomens;Violation;Subject EindpuntLeiding, path hasConnection, object Knooppunt - aantal voorkomens wijkt af (exact=1);b185550;;Focus-node: type=EindpuntLeiding, hasAspect=lei3616-3493-1_lei3361_ein3361_bob, hasConnection=knp3493_put
lei3603-3522-1_lei3411_ein3411;EindpuntLeiding_Knooppunt_card;te weinig voorkomens;Violation;Subject EindpuntLeiding, path hasConnection, object Knooppunt - aantal voorkomens wijkt af (exact=1);b185605;;Focus-node: type=EindpuntLeiding, hasAspect=lei3603-3522-1_lei3411_ein3411_bob, hasConnection=knp3522_put
lei3576-3507-1_lei3388_ein3388;EindpuntLeiding_Knooppunt_card;te weinig voorkomens;Violation;Subject EindpuntLeiding, path hasConnection, object Knooppunt - aantal voorkomens wijkt af (exact=1);b185715;;Focus-node: type=EindpuntLeiding, hasAspect=lei3576-3507-1_lei3388_ein3388_bob, hasConnection=knp3507_put
lei3558-3549-1_lei3445_ein3445;EindpuntLeiding_Knooppunt_card;te weinig voorkomens;Violation;Subject EindpuntLeiding, path hasConnection, object Knooppunt - aantal voorkomens wijkt af (exact=1);b185895;;Focus-node: type=EindpuntLeiding, hasAspect=lei3558-3549-1_lei3445_ein3445_bob, hasConnection=knp3549_put
lei3602-3559-1_lei3463_ein3463;EindpuntLeiding_Knooppunt_card;te weinig voorkomens;Violation;Subject EindpuntLeiding, path hasConnection, object Knooppunt - aantal voorkomens wijkt af (exact=1);b185910;;Focus-node: type=EindpuntLeiding, hasAspect=lei3602-3559-1_lei3463_ein3463_bob, hasConnection=knp3559_put
lei3492-3491-1_lei3355_ein3355;EindpuntLeiding_Knooppunt_card;te weinig voorkomens;Violation;Subject EindpuntLeiding, path hasConnection, object Knooppunt - aantal voorkomens wijkt af (exact=1);b185980;;Focus-node: type=EindpuntLeiding, hasAspect=lei3492-3491-1_lei3355_ein3355_bob, hasConnection=knp3491_put
lei3635-3531-1_lei3424_ein3424;EindpuntLeiding_Knooppunt_card;te weinig voorkomens;Violation;Subject EindpuntLeiding, path hasConnection, object Knooppunt - aantal voorkomens wijkt af (exact=1);b186185;;Focus-node: type=EindpuntLeiding, hasAspect=lei3635-3531-1_lei3424_ein3424_bob, hasConnection=knp3531_put
lei3541-3502-1_lei3375_ein3375;EindpuntLeiding_Knooppunt_card;te weinig voorkomens;Violation;Subject EindpuntLeiding, path hasConnection, object Knooppunt - aantal voorkomens wijkt af (exact=1);b186305;;Focus-node: type=EindpuntLeiding, hasAspect=lei3541-3502-1_lei3375_ein3375_bob, hasConnection=knp3502_put
lei3613-3550-1_lei3448_ein3448;EindpuntLeiding_Knooppunt_card;te weinig voorkomens;Violation;Subject EindpuntLeiding, path hasConnection, object Knooppunt - aantal voorkomens wijkt af (exact=1);b186380;;Focus-node: type=EindpuntLeiding, hasAspect=lei3613-3550-1_lei3448_ein3448_bob, hasConnection=knp3550_put
lei3575-3505-1_lei3384_ein3384;EindpuntLeiding_Knooppunt_card;te weinig voorkomens;Violation;Subject EindpuntLeiding, path hasConnection, object Knooppunt - aantal voorkomens wijkt af (exact=1);b186610;;Focus-node: type=EindpuntLeiding, hasAspect=lei3575-3505-1_lei3384_ein3384_bob, hasConnection=knp3505_put
lei3530-3531-1_lei3423_ein3423;EindpuntLeiding_Knooppunt_card;te weinig voorkomens;Violation;Subject EindpuntLeiding, path hasConnection, object Knooppunt - aantal voorkomens wijkt af (exact=1);b186700;;Focus-node: type=EindpuntLeiding, hasAspect=lei3530-3531-1_lei3423_ein3423_bob, hasConnection=knp3531_put
lei3606-3558-1_lei3460_ein3460;EindpuntLeiding_Knooppunt_card;te weinig voorkomens;Violation;Subject EindpuntLeiding, path hasConnection, object Knooppunt - aantal voorkomens wijkt af (exact=1);b187190;;Focus-node: type=EindpuntLeiding, hasAspect=lei3606-3558-1_lei3460_ein3460_bob, hasConnection=knp3558_put
lei3572-3541-1_lei3438_ein3438;EindpuntLeiding_Knooppunt_card;te weinig voorkomens;Violation;Subject EindpuntLeiding, path hasConnection, object Knooppunt - aantal voorkomens wijkt af (exact=1);b187265;;Focus-node: type=EindpuntLeiding, hasAspect=lei3572-3541-1_lei3438_ein3438_bob, hasConnection=knp3541_put
lei3507-3505-1_lei3382_ein3382;EindpuntLeiding_Knooppunt_card;te weinig voorkomens;Violation;Subject EindpuntLeiding, path hasConnection, object Knooppunt - aantal voorkomens wijkt af (exact=1);b187850;;Focus-node: type=EindpuntLeiding, hasAspect=lei3507-3505-1_lei3382_ein3382_bob, hasConnection=knp3505_put
lei3574-3540-1_lei3437_ein3437;EindpuntLeiding_Knooppunt_card;te weinig voorkomens;Violation;Subject EindpuntLeiding, path hasConnection, object Knooppunt - aantal voorkomens wijkt af (exact=1);b188000;;Focus-node: type=EindpuntLeiding, hasAspect=lei3574-3540-1_lei3437_ein3437_bob, hasConnection=knp3540_put
lei3618-3492-1_lei3359_ein3359;EindpuntLeiding_Knooppunt_card;te weinig voorkomens;Violation;Subject EindpuntLeiding, path hasConnection, object Knooppunt - aantal voorkomens wijkt af (exact=1);b188090;;Focus-node: type=EindpuntLeiding, hasAspect=lei3618-3492-1_lei3359_ein3359_bob, hasConnection=knp3492_put
lei3494-3495-1_lei3362_ein3362;EindpuntLeiding_Knooppunt_card;te weinig voorkomens;Violation;Subject EindpuntLeiding, path hasConnection, object Knooppunt - aantal voorkomens wijkt af (exact=1);b188175;;Focus-node: type=EindpuntLeiding, hasAspect=lei3494-3495-1_lei3362_ein3362_bob, hasConnection=knp3495_put
lei3558-3561-1_lei3459_ein3459;EindpuntLeiding_Knooppunt_card;te weinig voorkomens;Violation;Subject EindpuntLeiding, path hasConnection, object Knooppunt - aantal voorkomens wijkt af (exact=1);b188320;;Focus-node: type=EindpuntLeiding, hasAspect=lei3558-3561-1_lei3459_ein3459_bob, hasConnection=knp3561_put
lei3540-3504-1_lei3379_ein3379;EindpuntLeiding_Knooppunt_card;te weinig voorkomens;Violation;Subject EindpuntLeiding, path hasConnection, object Knooppunt - aantal voorkomens wijkt af (exact=1);b188475;;Focus-node: type=EindpuntLeiding, hasAspect=lei3540-3504-1_lei3379_ein3379_bob, hasConnection=knp3504_put
lei3529-3530-1_lei3421_ein3421;EindpuntLeiding_Knooppunt_card;te weinig voorkomens;Violation;Subject EindpuntLeiding, path hasConnection, object Knooppunt - aantal voorkomens wijkt af (exact=1);b188610;;Focus-node: type=EindpuntLeiding, hasAspect=lei3529-3530-1_lei3421_ein3421_bob, hasConnection=knp3530_put
lei3607-3549-1_lei3446_ein3446;EindpuntLeiding_Knooppunt_card;te weinig voorkomens;Violation;Subject EindpuntLeiding, path hasConnection, object Knooppunt - aantal voorkomens wijkt af (exact=1);b188760;;Focus-node: type=EindpuntLeiding, hasAspect=lei3607-3549-1_lei3446_ein3446_bob, hasConnection=knp3549_put
lei3614-3495-1_lei3365_ein3365;EindpuntLeiding_Knooppunt_card;te weinig voorkomens;Violation;Subject EindpuntLeiding, path hasConnection, object Knooppunt - aantal voorkomens wijkt af (exact=1);b188805;;Focus-node: type=EindpuntLeiding, hasAspect=lei3614-3495-1_lei3365_ein3365_bob, hasConnection=knp3495_put
lei3562-3563-1_lei3465_ein3465;EindpuntLeiding_Knooppunt_card;te weinig voorkomens;Violation;Subject EindpuntLeiding, path hasConnection, object Knooppunt - aantal voorkomens wijkt af (exact=1);b188860;;Focus-node: type=EindpuntLeiding, hasAspect=lei3562-3563-1_lei3465_ein3465_bob, hasConnection=knp3563_put
lei3608-3556-1_lei3454_ein3454;EindpuntLeiding_Knooppunt_card;te weinig voorkomens;Violation;Subject EindpuntLeiding, path hasConnection, object Knooppunt - aantal voorkomens wijkt af (exact=1);b188975;;Focus-node: type=EindpuntLeiding, hasAspect=lei3608-3556-1_lei3454_ein3454_bob, hasConnection=knp3556_put
lei3604-3522-1_lei3412_ein3412;EindpuntLeiding_Knooppunt_card;te weinig voorkomens;Violation;Subject EindpuntLeiding, path hasConnection, object Knooppunt - aantal voorkomens wijkt af (exact=1);b189040;;Focus-node: type=EindpuntLeiding, hasAspect=lei3604-3522-1_lei3412_ein3412_bob, hasConnection=knp3522_put
lei3504-3541-1_lei3380_ein3380;EindpuntLeiding_Knooppunt_card;te weinig voorkomens;Violation;Subject EindpuntLeiding, path hasConnection, object Knooppunt - aantal voorkomens wijkt af (exact=1);b189250;;Focus-node: type=EindpuntLeiding, hasAspect=lei3504-3541-1_lei3380_ein3380_bob, hasConnection=knp3541_put
knp3437;Gemaal_Pomp_card;te weinig voorkomens;Violation;Subject Gemaal, path hasPart, object Pomp - aantal voorkomens wijkt af (min=1);b194116;;Focus-node: type=Rioolgemaal, label=Kv1G0002, hasAspect=knp3437_bre, hasAspect=knp3437_len, hasAspect=knp3437_put, hasAspect=knp3437_mat, hasAspect=knp3437_vor
lei3611-3612-1;LengteLeiding_val;123.560 (decimal) ;Warning;Kenmerk LengteLeiding - waarde wijkt af (min=1,max=75);hasAspect;;Focus-node: type=Persleiding, label=KvBP0082-KvBP0084-1, hasAspect=lei3611-3612-1_len, hasAspect=lei3611-3612-1_mat, hasAspect=lei3611-3612-1_bre, hasAspect=lei3611-3612-1_hoo, hasAspect=lei3611-3612-1_bgd, hasAspect=lei3611-3612-1_lei3473, hasAspect=lei3611-3612-1_vor, hasAspect=lei3611-3612-1_wan, hasAspect=lei3611-3612-1xwan, hasAspect=lei3611-3612-1_wib
lei3462-3453-1;LengteLeiding_val;171.900 (decimal) ;Warning;Kenmerk LengteLeiding - waarde wijkt af (min=1,max=75);hasAspect;;Focus-node: type=Persleiding, label=Kv1P0002-Kv1G0034-1, hasAspect=lei3462-3453-1_len, hasAspect=lei3462-3453-1_mat, hasAspect=lei3462-3453-1_bre, hasAspect=lei3462-3453-1_hoo, hasAspect=lei3462-3453-1_bgd, hasAspect=lei3462-3453-1_lei3303, hasAspect=lei3462-3453-1_vor, hasAspect=lei3462-3453-1_wan, hasAspect=lei3462-3453-1xwan, hasAspect=lei3462-3453-1_wib
lei3601-3600-1;LengteLeiding_val;175.320 (decimal) ;Warning;Kenmerk LengteLeiding - waarde wijkt af (min=1,max=75);hasAspect;;Focus-node: type=Persleiding, label=KvBP0064-KvBP0062-1, hasAspect=lei3601-3600-1_len, hasAspect=lei3601-3600-1_mat, hasAspect=lei3601-3600-1_bre, hasAspect=lei3601-3600-1_hoo, hasAspect=lei3601-3600-1_bgd, hasAspect=lei3601-3600-1_lei3472, hasAspect=lei3601-3600-1_vor, hasAspect=lei3601-3600-1_wan, hasAspect=lei3601-3600-1xwan, hasAspect=lei3601-3600-1_wib
lei3637-3529-1;LengteLeiding_val;92.640 (decimal) ;Warning;Kenmerk LengteLeiding - waarde wijkt af (min=1,max=75);hasAspect;;Focus-node: type=Persleiding, label=KvBP0134-ID5026-1, hasAspect=lei3637-3529-1_len, hasAspect=lei3637-3529-1_mat, hasAspect=lei3637-3529-1_bre, hasAspect=lei3637-3529-1_hoo, hasAspect=lei3637-3529-1_bgd, hasAspect=lei3637-3529-1_lei3422, hasAspect=lei3637-3529-1_vor, hasAspect=lei3637-3529-1_wan, hasAspect=lei3637-3529-1xwan, hasAspect=lei3637-3529-1_wib
lei3494-3495-1;LengteLeiding_val;102.790 (decimal) ;Warning;Kenmerk LengteLeiding - waarde wijkt af (min=1,max=75);hasAspect;;Focus-node: type=Persleiding, label=ID4147-ID4148-1, hasAspect=lei3494-3495-1_len, hasAspect=lei3494-3495-1_mat, hasAspect=lei3494-3495-1_bre, hasAspect=lei3494-3495-1_hoo, hasAspect=lei3494-3495-1_bgd, hasAspect=lei3494-3495-1_lei3362, hasAspect=lei3494-3495-1_vor, hasAspect=lei3494-3495-1_wan, hasAspect=lei3494-3495-1xwan, hasAspect=lei3494-3495-1_wib
lei3572-3541-1;LengteLeiding_val;114.030 (decimal) ;Warning;Kenmerk LengteLeiding - waarde wijkt af (min=1,max=75);hasAspect;;Focus-node: type=Persleiding, label=KvBP0006-ID5759-1, hasAspect=lei3572-3541-1_len, hasAspect=lei3572-3541-1_mat, hasAspect=lei3572-3541-1_bre, hasAspect=lei3572-3541-1_hoo, hasAspect=lei3572-3541-1_bgd, hasAspect=lei3572-3541-1_lei3438, hasAspect=lei3572-3541-1_vor, hasAspect=lei3572-3541-1_wan, hasAspect=lei3572-3541-1xwan, hasAspect=lei3572-3541-1_wib
lei3529-3530-1;LengteLeiding_val;106.750 (decimal) ;Warning;Kenmerk LengteLeiding - waarde wijkt af (min=1,max=75);hasAspect;;Focus-node: type=Persleiding, label=ID5026-ID5027-1, hasAspect=lei3529-3530-1_len, hasAspect=lei3529-3530-1_mat, hasAspect=lei3529-3530-1_bre, hasAspect=lei3529-3530-1_hoo, hasAspect=lei3529-3530-1_bgd, hasAspect=lei3529-3530-1_lei3421, hasAspect=lei3529-3530-1_vor, hasAspect=lei3529-3530-1_wan, hasAspect=lei3529-3530-1xwan, hasAspect=lei3529-3530-1_wib
lei3556-3549-1;LengteLeiding_val;97.720 (decimal) ;Warning;Kenmerk LengteLeiding - waarde wijkt af (min=1,max=75);hasAspect;;Focus-node: type=Persleiding, label=ID7071-ID6538-1, hasAspect=lei3556-3549-1_len, hasAspect=lei3556-3549-1_mat, hasAspect=lei3556-3549-1_bre, hasAspect=lei3556-3549-1_hoo, hasAspect=lei3556-3549-1_bgd, hasAspect=lei3556-3549-1_lei3444, hasAspect=lei3556-3549-1_vor, hasAspect=lei3556-3549-1_wan, hasAspect=lei3556-3549-1xwan, hasAspect=lei3556-3549-1_wib
lei3617-3491-1;LengteLeiding_val;151.210 (decimal) ;Warning;Kenmerk LengteLeiding - waarde wijkt af (min=1,max=75);hasAspect;;Focus-node: type=Persleiding, label=KvBP0094-ID4144-1, hasAspect=lei3617-3491-1_len, hasAspect=lei3617-3491-1_mat, hasAspect=lei3617-3491-1_bre, hasAspect=lei3617-3491-1_hoo, hasAspect=lei3617-3491-1_bgd, hasAspect=lei3617-3491-1_lei3357, hasAspect=lei3617-3491-1_vor, hasAspect=lei3617-3491-1_wan, hasAspect=lei3617-3491-1xwan, hasAspect=lei3617-3491-1_wib
lei3496-3548-1;LengteLeiding_val;169.070 (decimal) ;Warning;Kenmerk LengteLeiding - waarde wijkt af (min=1,max=75);hasAspect;;Focus-node: type=Persleiding, label=ID4149-ID6276-1, hasAspect=lei3496-3548-1_len, hasAspect=lei3496-3548-1_mat, hasAspect=lei3496-3548-1_bre, hasAspect=lei3496-3548-1_hoo, hasAspect=lei3496-3548-1_bgd, hasAspect=lei3496-3548-1_lei3366, hasAspect=lei3496-3548-1_vor, hasAspect=lei3496-3548-1_wan, hasAspect=lei3496-3548-1xwan, hasAspect=lei3496-3548-1_wib
lei3621-3496-1;LengteLeiding_val;283.570 (decimal) ;Warning;Kenmerk LengteLeiding - waarde wijkt af (min=1,max=75);hasAspect;;Focus-node: type=Persleiding, label=KvBP0102-ID4149-1, hasAspect=lei3621-3496-1_len, hasAspect=lei3621-3496-1_mat, hasAspect=lei3621-3496-1_bre, hasAspect=lei3621-3496-1_hoo, hasAspect=lei3621-3496-1_bgd, hasAspect=lei3621-3496-1_lei3368, hasAspect=lei3621-3496-1_vor, hasAspect=lei3621-3496-1_wan, hasAspect=lei3621-3496-1xwan, hasAspect=lei3621-3496-1_wib
lei3612-3556-1;LengteLeiding_val;160.850 (decimal) ;Warning;Kenmerk LengteLeiding - waarde wijkt af (min=1,max=75);hasAspect;;Focus-node: type=Persleiding, label=KvBP0084-ID7071-1, hasAspect=lei3612-3556-1_len, hasAspect=lei3612-3556-1_mat, hasAspect=lei3612-3556-1_bre, hasAspect=lei3612-3556-1_hoo, hasAspect=lei3612-3556-1_bgd, hasAspect=lei3612-3556-1_lei3455, hasAspect=lei3612-3556-1_vor, hasAspect=lei3612-3556-1_wan, hasAspect=lei3612-3556-1xwan, hasAspect=lei3612-3556-1_wib
lei3522-3526-1;LengteLeiding_val;235.390 (decimal) ;Warning;Kenmerk LengteLeiding - waarde wijkt af (min=1,max=75);hasAspect;;Focus-node: type=Persleiding, label=ID4721-ID4725-1, hasAspect=lei3522-3526-1_len, hasAspect=lei3522-3526-1_mat, hasAspect=lei3522-3526-1_bre, hasAspect=lei3522-3526-1_hoo, hasAspect=lei3522-3526-1_bgd, hasAspect=lei3522-3526-1_lei3410, hasAspect=lei3522-3526-1_vor, hasAspect=lei3522-3526-1_wan, hasAspect=lei3522-3526-1xwan, hasAspect=lei3522-3526-1_wib
lei3600-3443-1;LengteLeiding_val;144.230 (decimal) ;Warning;Kenmerk LengteLeiding - waarde wijkt af (min=1,max=75);hasAspect;;Focus-node: type=Persleiding, label=KvBP0062-Kv1G0014-1, hasAspect=lei3600-3443-1_len, hasAspect=lei3600-3443-1_mat, hasAspect=lei3600-3443-1_bre, hasAspect=lei3600-3443-1_hoo, hasAspect=lei3600-3443-1_bgd, hasAspect=lei3600-3443-1_lei3469, hasAspect=lei3600-3443-1_vor, hasAspect=lei3600-3443-1_wan, hasAspect=lei3600-3443-1xwan, hasAspect=lei3600-3443-1_wib
lei3576-3507-1;LengteLeiding_val;120.440 (decimal) ;Warning;Kenmerk LengteLeiding - waarde wijkt af (min=1,max=75);hasAspect;;Focus-node: type=Persleiding, label=KvBP0014-ID4629-1, hasAspect=lei3576-3507-1_len, hasAspect=lei3576-3507-1_mat, hasAspect=lei3576-3507-1_bre, hasAspect=lei3576-3507-1_hoo, hasAspect=lei3576-3507-1_bgd, hasAspect=lei3576-3507-1_lei3388, hasAspect=lei3576-3507-1_vor, hasAspect=lei3576-3507-1_wan, hasAspect=lei3576-3507-1xwan, hasAspect=lei3576-3507-1_wib
lei3541-3502-1;LengteLeiding_val;99.380 (decimal) ;Warning;Kenmerk LengteLeiding - waarde wijkt af (min=1,max=75);hasAspect;;Focus-node: type=Persleiding, label=ID5759-ID4624-1, hasAspect=lei3541-3502-1_len, hasAspect=lei3541-3502-1_mat, hasAspect=lei3541-3502-1_bre, hasAspect=lei3541-3502-1_hoo, hasAspect=lei3541-3502-1_bgd, hasAspect=lei3541-3502-1_lei3375, hasAspect=lei3541-3502-1_vor, hasAspect=lei3541-3502-1_wan, hasAspect=lei3541-3502-1xwan, hasAspect=lei3541-3502-1_wib
lei3548-3492-1;LengteLeiding_val;423.420 (decimal) ;Warning;Kenmerk LengteLeiding - waarde wijkt af (min=1,max=75);hasAspect;;Focus-node: type=Persleiding, label=ID6276-ID4145-1, hasAspect=lei3548-3492-1_len, hasAspect=lei3548-3492-1_mat, hasAspect=lei3548-3492-1_bre, hasAspect=lei3548-3492-1_hoo, hasAspect=lei3548-3492-1_bgd, hasAspect=lei3548-3492-1_lei3358, hasAspect=lei3548-3492-1_vor, hasAspect=lei3548-3492-1_wan, hasAspect=lei3548-3492-1xwan, hasAspect=lei3548-3492-1_wib
lei3558-3561-1;LengteLeiding_val;143.530 (decimal) ;Warning;Kenmerk LengteLeiding - waarde wijkt af (min=1,max=75);hasAspect;;Focus-node: type=Persleiding, label=ID7073-ID7076-1, hasAspect=lei3558-3561-1_len, hasAspect=lei3558-3561-1_mat, hasAspect=lei3558-3561-1_bre, hasAspect=lei3558-3561-1_hoo, hasAspect=lei3558-3561-1_bgd, hasAspect=lei3558-3561-1_lei3459, hasAspect=lei3558-3561-1_vor, hasAspect=lei3558-3561-1_wan, hasAspect=lei3558-3561-1xwan, hasAspect=lei3558-3561-1_wib
lei3610-3557-1;LengteLeiding_val;251.820 (decimal) ;Warning;Kenmerk LengteLeiding - waarde wijkt af (min=1,max=75);hasAspect;;Focus-node: type=Persleiding, label=KvBP0080-ID7072-1, hasAspect=lei3610-3557-1_len, hasAspect=lei3610-3557-1_mat, hasAspect=lei3610-3557-1_bre, hasAspect=lei3610-3557-1_hoo, hasAspect=lei3610-3557-1_bgd, hasAspect=lei3610-3557-1_lei3458, hasAspect=lei3610-3557-1_vor, hasAspect=lei3610-3557-1_wan, hasAspect=lei3610-3557-1xwan, hasAspect=lei3610-3557-1_wib
lei3490-3617-1;LengteLeiding_val;96.410 (decimal) ;Warning;Kenmerk LengteLeiding - waarde wijkt af (min=1,max=75);hasAspect;;Focus-node: type=Vuilwaterriool, label=ID4143-KvBP0094-1, hasAspect=lei3490-3617-1_len, hasAspect=lei3490-3617-1_mat, hasAspect=lei3490-3617-1_bre, hasAspect=lei3490-3617-1_hoo, hasAspect=lei3490-3617-1_bgd, hasAspect=lei3490-3617-1_lei3354, hasAspect=lei3490-3617-1_vor, hasAspect=lei3490-3617-1_wan, hasAspect=lei3490-3617-1xwan, hasAspect=lei3490-3617-1_wib
lei3445-3446-1;LengteLeiding_val;75.490 (decimal) ;Warning;Kenmerk LengteLeiding - waarde wijkt af (min=1,max=75);hasAspect;;Focus-node: type=GemengdRiool, label=Kv1G0018-Kv1G0020-1, hasAspect=lei3445-3446-1_len, hasAspect=lei3445-3446-1_mat, hasAspect=lei3445-3446-1_bre, hasAspect=lei3445-3446-1_hoo, hasAspect=lei3445-3446-1_bgd, hasAspect=lei3445-3446-1_lei3294, hasAspect=lei3445-3446-1_vor, hasAspect=lei3445-3446-1_wan, hasAspect=lei3445-3446-1xwan, hasAspect=lei3445-3446-1_wib
lei3508-3506-1;LengteLeiding_val;173.560 (decimal) ;Warning;Kenmerk LengteLeiding - waarde wijkt af (min=1,max=75);hasAspect;;Focus-node: type=Persleiding, label=ID4630-ID4628-1, hasAspect=lei3508-3506-1_len, hasAspect=lei3508-3506-1_mat, hasAspect=lei3508-3506-1_bre, hasAspect=lei3508-3506-1_hoo, hasAspect=lei3508-3506-1_bgd, hasAspect=lei3508-3506-1_lei3386, hasAspect=lei3508-3506-1_vor, hasAspect=lei3508-3506-1_wan, hasAspect=lei3508-3506-1xwan, hasAspect=lei3508-3506-1_wib
lei3578-3508-1;LengteLeiding_val;84.290 (decimal) ;Warning;Kenmerk LengteLeiding - waarde wijkt af (min=1,max=75);hasAspect;;Focus-node: type=Persleiding, label=KvBP0018-ID4630-1, hasAspect=lei3578-3508-1_len, hasAspect=lei3578-3508-1_mat, hasAspect=lei3578-3508-1_bre, hasAspect=lei3578-3508-1_hoo, hasAspect=lei3578-3508-1_bgd, hasAspect=lei3578-3508-1_lei3389, hasAspect=lei3578-3508-1_vor, hasAspect=lei3578-3508-1_wan, hasAspect=lei3578-3508-1xwan, hasAspect=lei3578-3508-1_wib
lei3550-3551-1;LengteLeiding_val;244.360 (decimal) ;Warning;Kenmerk LengteLeiding - waarde wijkt af (min=1,max=75);hasAspect;;Focus-node: type=Persleiding, label=ID6967-ID6968-1, hasAspect=lei3550-3551-1_len, hasAspect=lei3550-3551-1_mat, hasAspect=lei3550-3551-1_bre, hasAspect=lei3550-3551-1_hoo, hasAspect=lei3550-3551-1_bgd, hasAspect=lei3550-3551-1_lei3447, hasAspect=lei3550-3551-1_vor, hasAspect=lei3550-3551-1_wan, hasAspect=lei3550-3551-1xwan, hasAspect=lei3550-3551-1_wib
lei3495-3550-1;LengteLeiding_val;95.810 (decimal) ;Warning;Kenmerk LengteLeiding - waarde wijkt af (min=1,max=75);hasAspect;;Focus-node: type=Persleiding, label=ID4148-ID6967-1, hasAspect=lei3495-3550-1_len, hasAspect=lei3495-3550-1_mat, hasAspect=lei3495-3550-1_bre, hasAspect=lei3495-3550-1_hoo, hasAspect=lei3495-3550-1_bgd, hasAspect=lei3495-3550-1_lei3364, hasAspect=lei3495-3550-1_vor, hasAspect=lei3495-3550-1_wan, hasAspect=lei3495-3550-1xwan, hasAspect=lei3495-3550-1_wib
lei3635-3531-1;LengteLeiding_val;201.300 (decimal) ;Warning;Kenmerk LengteLeiding - waarde wijkt af (min=1,max=75);hasAspect;;Focus-node: type=Persleiding, label=KvBP0130-ID5028-1, hasAspect=lei3635-3531-1_len, hasAspect=lei3635-3531-1_mat, hasAspect=lei3635-3531-1_bre, hasAspect=lei3635-3531-1_hoo, hasAspect=lei3635-3531-1_bgd, hasAspect=lei3635-3531-1_lei3424, hasAspect=lei3635-3531-1_vor, hasAspect=lei3635-3531-1_wan, hasAspect=lei3635-3531-1xwan, hasAspect=lei3635-3531-1_wib
lei3501-3614-1;LengteLeiding_val;84.110 (decimal) ;Warning;Kenmerk LengteLeiding - waarde wijkt af (min=1,max=75);hasAspect;;Focus-node: type=Vuilwaterriool, label=ID4155-KvBP0088-1, hasAspect=lei3501-3614-1_len, hasAspect=lei3501-3614-1_mat, hasAspect=lei3501-3614-1_bre, hasAspect=lei3501-3614-1_hoo, hasAspect=lei3501-3614-1_bgd, hasAspect=lei3501-3614-1_lei3373, hasAspect=lei3501-3614-1_vor, hasAspect=lei3501-3614-1_wan, hasAspect=lei3501-3614-1xwan, hasAspect=lei3501-3614-1_wib
lei3530-3531-1;LengteLeiding_val;114.220 (decimal) ;Warning;Kenmerk LengteLeiding - waarde wijkt af (min=1,max=75);hasAspect;;Focus-node: type=Persleiding, label=ID5027-ID5028-1, hasAspect=lei3530-3531-1_len, hasAspect=lei3530-3531-1_mat, hasAspect=lei3530-3531-1_bre, hasAspect=lei3530-3531-1_hoo, hasAspect=lei3530-3531-1_bgd, hasAspect=lei3530-3531-1_lei3423, hasAspect=lei3530-3531-1_vor, hasAspect=lei3530-3531-1_wan, hasAspect=lei3530-3531-1xwan, hasAspect=lei3530-3531-1_wib
lei3608-3557-1;LengteLeiding_val;141.250 (decimal) ;Warning;Kenmerk LengteLeiding - waarde wijkt af (min=1,max=75);hasAspect;;Focus-node: type=Persleiding, label=KvBP0076-ID7072-1, hasAspect=lei3608-3557-1_len, hasAspect=lei3608-3557-1_mat, hasAspect=lei3608-3557-1_bre, hasAspect=lei3608-3557-1_hoo, hasAspect=lei3608-3557-1_bgd, hasAspect=lei3608-3557-1_lei3456, hasAspect=lei3608-3557-1_vor, hasAspect=lei3608-3557-1_wan, hasAspect=lei3608-3557-1xwan, hasAspect=lei3608-3557-1_wib
lei3604-3522-1;LengteLeiding_val;217.420 (decimal) ;Warning;Kenmerk LengteLeiding - waarde wijkt af (min=1,max=75);hasAspect;;Focus-node: type=Persleiding, label=KvBP0070-ID4721-1, hasAspect=lei3604-3522-1_len, hasAspect=lei3604-3522-1_mat, hasAspect=lei3604-3522-1_bre, hasAspect=lei3604-3522-1_hoo, hasAspect=lei3604-3522-1_bgd, hasAspect=lei3604-3522-1_lei3412, hasAspect=lei3604-3522-1_vor, hasAspect=lei3604-3522-1_wan, hasAspect=lei3604-3522-1xwan, hasAspect=lei3604-3522-1_wib
lei3507-3505-1;LengteLeiding_val;133.850 (decimal) ;Warning;Kenmerk LengteLeiding - waarde wijkt af (min=1,max=75);hasAspect;;Focus-node: type=Persleiding, label=ID4629-ID4627-1, hasAspect=lei3507-3505-1_len, hasAspect=lei3507-3505-1_mat, hasAspect=lei3507-3505-1_bre, hasAspect=lei3507-3505-1_hoo, hasAspect=lei3507-3505-1_bgd, hasAspect=lei3507-3505-1_lei3382, hasAspect=lei3507-3505-1_vor, hasAspect=lei3507-3505-1_wan, hasAspect=lei3507-3505-1xwan, hasAspect=lei3507-3505-1_wib
lei3577-3506-1;LengteLeiding_val;779.200 (decimal) ;Warning;Kenmerk LengteLeiding - waarde wijkt af (min=1,max=75);hasAspect;;Focus-node: type=Persleiding, label=KvBP0016-ID4628-1, hasAspect=lei3577-3506-1_len, hasAspect=lei3577-3506-1_mat, hasAspect=lei3577-3506-1_bre, hasAspect=lei3577-3506-1_hoo, hasAspect=lei3577-3506-1_bgd, hasAspect=lei3577-3506-1_lei3387, hasAspect=lei3577-3506-1_vor, hasAspect=lei3577-3506-1_wan, hasAspect=lei3577-3506-1xwan, hasAspect=lei3577-3506-1_wib
lei3559-3560-1;LengteLeiding_val;99.360 (decimal) ;Warning;Kenmerk LengteLeiding - waarde wijkt af (min=1,max=75);hasAspect;;Focus-node: type=Persleiding, label=ID7074-ID7075-1, hasAspect=lei3559-3560-1_len, hasAspect=lei3559-3560-1_mat, hasAspect=lei3559-3560-1_bre, hasAspect=lei3559-3560-1_hoo, hasAspect=lei3559-3560-1_bgd, hasAspect=lei3559-3560-1_lei3461, hasAspect=lei3559-3560-1_vor, hasAspect=lei3559-3560-1_wan, hasAspect=lei3559-3560-1xwan, hasAspect=lei3559-3560-1_wib
lei3602-3559-1;LengteLeiding_val;271.580 (decimal) ;Warning;Kenmerk LengteLeiding - waarde wijkt af (min=1,max=75);hasAspect;;Focus-node: type=Persleiding, label=KvBP0066-ID7074-1, hasAspect=lei3602-3559-1_len, hasAspect=lei3602-3559-1_mat, hasAspect=lei3602-3559-1_bre, hasAspect=lei3602-3559-1_hoo, hasAspect=lei3602-3559-1_bgd, hasAspect=lei3602-3559-1_lei3463, hasAspect=lei3602-3559-1_vor, hasAspect=lei3602-3559-1_wan, hasAspect=lei3602-3559-1xwan, hasAspect=lei3602-3559-1_wib
lei3561-3559-1;HoogteLeiding_val;50 (integer) ;Warning;Kenmerk HoogteLeiding - waarde wijkt af (min=63,max=4000);hasAspect;;Focus-node: type=Persleiding, label=ID7076-ID7074-1, hasAspect=lei3561-3559-1_len, hasAspect=lei3561-3559-1_mat, hasAspect=lei3561-3559-1_bre, hasAspect=lei3561-3559-1_hoo, hasAspect=lei3561-3559-1_bgd, hasAspect=lei3561-3559-1_lei3462, hasAspect=lei3561-3559-1_vor, hasAspect=lei3561-3559-1_wan, hasAspect=lei3561-3559-1xwan, hasAspect=lei3561-3559-1_wib
lei3611-3612-1;HoogteLeiding_val;50 (integer) ;Warning;Kenmerk HoogteLeiding - waarde wijkt af (min=63,max=4000);hasAspect;;Focus-node: type=Persleiding, label=KvBP0082-KvBP0084-1, hasAspect=lei3611-3612-1_len, hasAspect=lei3611-3612-1_mat, hasAspect=lei3611-3612-1_bre, hasAspect=lei3611-3612-1_hoo, hasAspect=lei3611-3612-1_bgd, hasAspect=lei3611-3612-1_lei3473, hasAspect=lei3611-3612-1_vor, hasAspect=lei3611-3612-1_wan, hasAspect=lei3611-3612-1xwan, hasAspect=lei3611-3612-1_wib
lei3462-3453-1;HoogteLeiding_val;50 (integer) ;Warning;Kenmerk HoogteLeiding - waarde wijkt af (min=63,max=4000);hasAspect;;Focus-node: type=Persleiding, label=Kv1P0002-Kv1G0034-1, hasAspect=lei3462-3453-1_len, hasAspect=lei3462-3453-1_mat, hasAspect=lei3462-3453-1_bre, hasAspect=lei3462-3453-1_hoo, hasAspect=lei3462-3453-1_bgd, hasAspect=lei3462-3453-1_lei3303, hasAspect=lei3462-3453-1_vor, hasAspect=lei3462-3453-1_wan, hasAspect=lei3462-3453-1xwan, hasAspect=lei3462-3453-1_wib
lei3575-3505-1;HoogteLeiding_val;50 (integer) ;Warning;Kenmerk HoogteLeiding - waarde wijkt af (min=63,max=4000);hasAspect;;Focus-node: type=Persleiding, label=KvBP0012-ID4627-1, hasAspect=lei3575-3505-1_len, hasAspect=lei3575-3505-1_mat, hasAspect=lei3575-3505-1_bre, hasAspect=lei3575-3505-1_hoo, hasAspect=lei3575-3505-1_bgd, hasAspect=lei3575-3505-1_lei3384, hasAspect=lei3575-3505-1_vor, hasAspect=lei3575-3505-1_wan, hasAspect=lei3575-3505-1xwan, hasAspect=lei3575-3505-1_wib
lei3605-3561-1;HoogteLeiding_val;50 (integer) ;Warning;Kenmerk HoogteLeiding - waarde wijkt af (min=63,max=4000);hasAspect;;Focus-node: type=Persleiding, label=KvBP0071-ID7076-1, hasAspect=lei3605-3561-1_len, hasAspect=lei3605-3561-1_mat, hasAspect=lei3605-3561-1_bre, hasAspect=lei3605-3561-1_hoo, hasAspect=lei3605-3561-1_bgd, hasAspect=lei3605-3561-1_lei3464, hasAspect=lei3605-3561-1_vor, hasAspect=lei3605-3561-1_wan, hasAspect=lei3605-3561-1xwan, hasAspect=lei3605-3561-1_wib
lei3601-3600-1;HoogteLeiding_val;50 (integer) ;Warning;Kenmerk HoogteLeiding - waarde wijkt af (min=63,max=4000);hasAspect;;Focus-node: type=Persleiding, label=KvBP0064-KvBP0062-1, hasAspect=lei3601-3600-1_len, hasAspect=lei3601-3600-1_mat, hasAspect=lei3601-3600-1_bre, hasAspect=lei3601-3600-1_hoo, hasAspect=lei3601-3600-1_bgd, hasAspect=lei3601-3600-1_lei3472, hasAspect=lei3601-3600-1_vor, hasAspect=lei3601-3600-1_wan, hasAspect=lei3601-3600-1xwan, hasAspect=lei3601-3600-1_wib
lei3603-3522-1;HoogteLeiding_val;50 (integer) ;Warning;Kenmerk HoogteLeiding - waarde wijkt af (min=63,max=4000);hasAspect;;Focus-node: type=Persleiding, label=KvBP0068-ID4721-1, hasAspect=lei3603-3522-1_len, hasAspect=lei3603-3522-1_mat, hasAspect=lei3603-3522-1_bre, hasAspect=lei3603-3522-1_hoo, hasAspect=lei3603-3522-1_bgd, hasAspect=lei3603-3522-1_lei3411, hasAspect=lei3603-3522-1_vor, hasAspect=lei3603-3522-1_wan, hasAspect=lei3603-3522-1xwan, hasAspect=lei3603-3522-1_wib
lei3637-3529-1;HoogteLeiding_val;50 (integer) ;Warning;Kenmerk HoogteLeiding - waarde wijkt af (min=63,max=4000);hasAspect;;Focus-node: type=Persleiding, label=KvBP0134-ID5026-1, hasAspect=lei3637-3529-1_len, hasAspect=lei3637-3529-1_mat, hasAspect=lei3637-3529-1_bre, hasAspect=lei3637-3529-1_hoo, hasAspect=lei3637-3529-1_bgd, hasAspect=lei3637-3529-1_lei3422, hasAspect=lei3637-3529-1_vor, hasAspect=lei3637-3529-1_wan, hasAspect=lei3637-3529-1xwan, hasAspect=lei3637-3529-1_wib
lei3494-3495-1;HoogteLeiding_val;50 (integer) ;Warning;Kenmerk HoogteLeiding - waarde wijkt af (min=63,max=4000);hasAspect;;Focus-node: type=Persleiding, label=ID4147-ID4148-1, hasAspect=lei3494-3495-1_len, hasAspect=lei3494-3495-1_mat, hasAspect=lei3494-3495-1_bre, hasAspect=lei3494-3495-1_hoo, hasAspect=lei3494-3495-1_bgd, hasAspect=lei3494-3495-1_lei3362, hasAspect=lei3494-3495-1_vor, hasAspect=lei3494-3495-1_wan, hasAspect=lei3494-3495-1xwan, hasAspect=lei3494-3495-1_wib
lei3572-3541-1;HoogteLeiding_val;50 (integer) ;Warning;Kenmerk HoogteLeiding - waarde wijkt af (min=63,max=4000);hasAspect;;Focus-node: type=Persleiding, label=KvBP0006-ID5759-1, hasAspect=lei3572-3541-1_len, hasAspect=lei3572-3541-1_mat, hasAspect=lei3572-3541-1_bre, hasAspect=lei3572-3541-1_hoo, hasAspect=lei3572-3541-1_bgd, hasAspect=lei3572-3541-1_lei3438, hasAspect=lei3572-3541-1_vor, hasAspect=lei3572-3541-1_wan, hasAspect=lei3572-3541-1xwan, hasAspect=lei3572-3541-1_wib
lei3529-3530-1;HoogteLeiding_val;50 (integer) ;Warning;Kenmerk HoogteLeiding - waarde wijkt af (min=63,max=4000);hasAspect;;Focus-node: type=Persleiding, label=ID5026-ID5027-1, hasAspect=lei3529-3530-1_len, hasAspect=lei3529-3530-1_mat, hasAspect=lei3529-3530-1_bre, hasAspect=lei3529-3530-1_hoo, hasAspect=lei3529-3530-1_bgd, hasAspect=lei3529-3530-1_lei3421, hasAspect=lei3529-3530-1_vor, hasAspect=lei3529-3530-1_wan, hasAspect=lei3529-3530-1xwan, hasAspect=lei3529-3530-1_wib
lei3556-3549-1;HoogteLeiding_val;50 (integer) ;Warning;Kenmerk HoogteLeiding - waarde wijkt af (min=63,max=4000);hasAspect;;Focus-node: type=Persleiding, label=ID7071-ID6538-1, hasAspect=lei3556-3549-1_len, hasAspect=lei3556-3549-1_mat, hasAspect=lei3556-3549-1_bre, hasAspect=lei3556-3549-1_hoo, hasAspect=lei3556-3549-1_bgd, hasAspect=lei3556-3549-1_lei3444, hasAspect=lei3556-3549-1_vor, hasAspect=lei3556-3549-1_wan, hasAspect=lei3556-3549-1xwan, hasAspect=lei3556-3549-1_wib
lei3617-3491-1;HoogteLeiding_val;50 (integer) ;Warning;Kenmerk HoogteLeiding - waarde wijkt af (min=63,max=4000);hasAspect;;Focus-node: type=Persleiding, label=KvBP0094-ID4144-1, hasAspect=lei3617-3491-1_len, hasAspect=lei3617-3491-1_mat, hasAspect=lei3617-3491-1_bre, hasAspect=lei3617-3491-1_hoo, hasAspect=lei3617-3491-1_bgd, hasAspect=lei3617-3491-1_lei3357, hasAspect=lei3617-3491-1_vor, hasAspect=lei3617-3491-1_wan, hasAspect=lei3617-3491-1xwan, hasAspect=lei3617-3491-1_wib
lei3493-3494-1;HoogteLeiding_val;50 (integer) ;Warning;Kenmerk HoogteLeiding - waarde wijkt af (min=63,max=4000);hasAspect;;Focus-node: type=Persleiding, label=ID4146-ID4147-1, hasAspect=lei3493-3494-1_len, hasAspect=lei3493-3494-1_mat, hasAspect=lei3493-3494-1_bre, hasAspect=lei3493-3494-1_hoo, hasAspect=lei3493-3494-1_bgd, hasAspect=lei3493-3494-1_lei3360, hasAspect=lei3493-3494-1_vor, hasAspect=lei3493-3494-1_wan, hasAspect=lei3493-3494-1xwan, hasAspect=lei3493-3494-1_wib
lei3496-3548-1;HoogteLeiding_val;50 (integer) ;Warning;Kenmerk HoogteLeiding - waarde wijkt af (min=63,max=4000);hasAspect;;Focus-node: type=Persleiding, label=ID4149-ID6276-1, hasAspect=lei3496-3548-1_len, hasAspect=lei3496-3548-1_mat, hasAspect=lei3496-3548-1_bre, hasAspect=lei3496-3548-1_hoo, hasAspect=lei3496-3548-1_bgd, hasAspect=lei3496-3548-1_lei3366, hasAspect=lei3496-3548-1_vor, hasAspect=lei3496-3548-1_wan, hasAspect=lei3496-3548-1xwan, hasAspect=lei3496-3548-1_wib
lei3621-3496-1;HoogteLeiding_val;50 (integer) ;Warning;Kenmerk HoogteLeiding - waarde wijkt af (min=63,max=4000);hasAspect;;Focus-node: type=Persleiding, label=KvBP0102-ID4149-1, hasAspect=lei3621-3496-1_len, hasAspect=lei3621-3496-1_mat, hasAspect=lei3621-3496-1_bre, hasAspect=lei3621-3496-1_hoo, hasAspect=lei3621-3496-1_bgd, hasAspect=lei3621-3496-1_lei3368, hasAspect=lei3621-3496-1_vor, hasAspect=lei3621-3496-1_wan, hasAspect=lei3621-3496-1xwan, hasAspect=lei3621-3496-1_wib
lei3618-3492-1;HoogteLeiding_val;50 (integer) ;Warning;Kenmerk HoogteLeiding - waarde wijkt af (min=63,max=4000);hasAspect;;Focus-node: type=Persleiding, label=KvBP0096-ID4145-1, hasAspect=lei3618-3492-1_len, hasAspect=lei3618-3492-1_mat, hasAspect=lei3618-3492-1_bre, hasAspect=lei3618-3492-1_hoo, hasAspect=lei3618-3492-1_bgd, hasAspect=lei3618-3492-1_lei3359, hasAspect=lei3618-3492-1_vor, hasAspect=lei3618-3492-1_wan, hasAspect=lei3618-3492-1xwan, hasAspect=lei3618-3492-1_wib
lei3620-3496-1;HoogteLeiding_val;50 (integer) ;Warning;Kenmerk HoogteLeiding - waarde wijkt af (min=63,max=4000);hasAspect;;Focus-node: type=Persleiding, label=KvBP0100-ID4149-1, hasAspect=lei3620-3496-1_len, hasAspect=lei3620-3496-1_mat, hasAspect=lei3620-3496-1_bre, hasAspect=lei3620-3496-1_hoo, hasAspect=lei3620-3496-1_bgd, hasAspect=lei3620-3496-1_lei3367, hasAspect=lei3620-3496-1_vor, hasAspect=lei3620-3496-1_wan, hasAspect=lei3620-3496-1xwan, hasAspect=lei3620-3496-1_wib
lei3609-3557-1;HoogteLeiding_val;50 (integer) ;Warning;Kenmerk HoogteLeiding - waarde wijkt af (min=63,max=4000);hasAspect;;Focus-node: type=Persleiding, label=KvBP0078-ID7072-1, hasAspect=lei3609-3557-1_len, hasAspect=lei3609-3557-1_mat, hasAspect=lei3609-3557-1_bre, hasAspect=lei3609-3557-1_hoo, hasAspect=lei3609-3557-1_bgd, hasAspect=lei3609-3557-1_lei3457, hasAspect=lei3609-3557-1_vor, hasAspect=lei3609-3557-1_wan, hasAspect=lei3609-3557-1xwan, hasAspect=lei3609-3557-1_wib
lei3612-3556-1;HoogteLeiding_val;50 (integer) ;Warning;Kenmerk HoogteLeiding - waarde wijkt af (min=63,max=4000);hasAspect;;Focus-node: type=Persleiding, label=KvBP0084-ID7071-1, hasAspect=lei3612-3556-1_len, hasAspect=lei3612-3556-1_mat, hasAspect=lei3612-3556-1_bre, hasAspect=lei3612-3556-1_hoo, hasAspect=lei3612-3556-1_bgd, hasAspect=lei3612-3556-1_lei3455, hasAspect=lei3612-3556-1_vor, hasAspect=lei3612-3556-1_wan, hasAspect=lei3612-3556-1xwan, hasAspect=lei3612-3556-1_wib
lei3522-3526-1;HoogteLeiding_val;50 (integer) ;Warning;Kenmerk HoogteLeiding - waarde wijkt af (min=63,max=4000);hasAspect;;Focus-node: type=Persleiding, label=ID4721-ID4725-1, hasAspect=lei3522-3526-1_len, hasAspect=lei3522-3526-1_mat, hasAspect=lei3522-3526-1_bre, hasAspect=lei3522-3526-1_hoo, hasAspect=lei3522-3526-1_bgd, hasAspect=lei3522-3526-1_lei3410, hasAspect=lei3522-3526-1_vor, hasAspect=lei3522-3526-1_wan, hasAspect=lei3522-3526-1xwan, hasAspect=lei3522-3526-1_wib
lei3600-3443-1;HoogteLeiding_val;50 (integer) ;Warning;Kenmerk HoogteLeiding - waarde wijkt af (min=63,max=4000);hasAspect;;Focus-node: type=Persleiding, label=KvBP0062-Kv1G0014-1, hasAspect=lei3600-3443-1_len, hasAspect=lei3600-3443-1_mat, hasAspect=lei3600-3443-1_bre, hasAspect=lei3600-3443-1_hoo, hasAspect=lei3600-3443-1_bgd, hasAspect=lei3600-3443-1_lei3469, hasAspect=lei3600-3443-1_vor, hasAspect=lei3600-3443-1_wan, hasAspect=lei3600-3443-1xwan, hasAspect=lei3600-3443-1_wib
lei3576-3507-1;HoogteLeiding_val;50 (integer) ;Warning;Kenmerk HoogteLeiding - waarde wijkt af (min=63,max=4000);hasAspect;;Focus-node: type=Persleiding, label=KvBP0014-ID4629-1, hasAspect=lei3576-3507-1_len, hasAspect=lei3576-3507-1_mat, hasAspect=lei3576-3507-1_bre, hasAspect=lei3576-3507-1_hoo, hasAspect=lei3576-3507-1_bgd, hasAspect=lei3576-3507-1_lei3388, hasAspect=lei3576-3507-1_vor, hasAspect=lei3576-3507-1_wan, hasAspect=lei3576-3507-1xwan, hasAspect=lei3576-3507-1_wib
lei3505-3562-1;HoogteLeiding_val;50 (integer) ;Warning;Kenmerk HoogteLeiding - waarde wijkt af (min=63,max=4000);hasAspect;;Focus-node: type=Persleiding, label=ID4627-ID8362-1, hasAspect=lei3505-3562-1_len, hasAspect=lei3505-3562-1_mat, hasAspect=lei3505-3562-1_bre, hasAspect=lei3505-3562-1_hoo, hasAspect=lei3505-3562-1_bgd, hasAspect=lei3505-3562-1_lei3383, hasAspect=lei3505-3562-1_vor, hasAspect=lei3505-3562-1_wan, hasAspect=lei3505-3562-1xwan, hasAspect=lei3505-3562-1_wib
lei3548-3492-1;HoogteLeiding_val;50 (integer) ;Warning;Kenmerk HoogteLeiding - waarde wijkt af (min=63,max=4000);hasAspect;;Focus-node: type=Persleiding, label=ID6276-ID4145-1, hasAspect=lei3548-3492-1_len, hasAspect=lei3548-3492-1_mat, hasAspect=lei3548-3492-1_bre, hasAspect=lei3548-3492-1_hoo, hasAspect=lei3548-3492-1_bgd, hasAspect=lei3548-3492-1_lei3358, hasAspect=lei3548-3492-1_vor, hasAspect=lei3548-3492-1_wan, hasAspect=lei3548-3492-1xwan, hasAspect=lei3548-3492-1_wib
lei3558-3561-1;HoogteLeiding_val;50 (integer) ;Warning;Kenmerk HoogteLeiding - waarde wijkt af (min=63,max=4000);hasAspect;;Focus-node: type=Persleiding, label=ID7073-ID7076-1, hasAspect=lei3558-3561-1_len, hasAspect=lei3558-3561-1_mat, hasAspect=lei3558-3561-1_bre, hasAspect=lei3558-3561-1_hoo, hasAspect=lei3558-3561-1_bgd, hasAspect=lei3558-3561-1_lei3459, hasAspect=lei3558-3561-1_vor, hasAspect=lei3558-3561-1_wan, hasAspect=lei3558-3561-1xwan, hasAspect=lei3558-3561-1_wib
lei3614-3495-1;HoogteLeiding_val;50 (integer) ;Warning;Kenmerk HoogteLeiding - waarde wijkt af (min=63,max=4000);hasAspect;;Focus-node: type=Persleiding, label=KvBP0088-ID4148-1, hasAspect=lei3614-3495-1_len, hasAspect=lei3614-3495-1_mat, hasAspect=lei3614-3495-1_bre, hasAspect=lei3614-3495-1_hoo, hasAspect=lei3614-3495-1_bgd, hasAspect=lei3614-3495-1_lei3365, hasAspect=lei3614-3495-1_vor, hasAspect=lei3614-3495-1_wan, hasAspect=lei3614-3495-1xwan, hasAspect=lei3614-3495-1_wib
lei3540-3563-1;HoogteLeiding_val;50 (integer) ;Warning;Kenmerk HoogteLeiding - waarde wijkt af (min=63,max=4000);hasAspect;;Focus-node: type=Persleiding, label=ID5758-ID8363-1, hasAspect=lei3540-3563-1_len, hasAspect=lei3540-3563-1_mat, hasAspect=lei3540-3563-1_bre, hasAspect=lei3540-3563-1_hoo, hasAspect=lei3540-3563-1_bgd, hasAspect=lei3540-3563-1_lei3436, hasAspect=lei3540-3563-1_vor, hasAspect=lei3540-3563-1_wan, hasAspect=lei3540-3563-1xwan, hasAspect=lei3540-3563-1_wib
lei3527-3560-1;HoogteLeiding_val;50 (integer) ;Warning;Kenmerk HoogteLeiding - waarde wijkt af (min=63,max=4000);hasAspect;;Focus-node: type=Persleiding, label=ID4726-ID7075-1, hasAspect=lei3527-3560-1_len, hasAspect=lei3527-3560-1_mat, hasAspect=lei3527-3560-1_bre, hasAspect=lei3527-3560-1_hoo, hasAspect=lei3527-3560-1_bgd, hasAspect=lei3527-3560-1_lei3417, hasAspect=lei3527-3560-1_vor, hasAspect=lei3527-3560-1_wan, hasAspect=lei3527-3560-1xwan, hasAspect=lei3527-3560-1_wib
lei3610-3557-1;HoogteLeiding_val;50 (integer) ;Warning;Kenmerk HoogteLeiding - waarde wijkt af (min=63,max=4000);hasAspect;;Focus-node: type=Persleiding, label=KvBP0080-ID7072-1, hasAspect=lei3610-3557-1_len, hasAspect=lei3610-3557-1_mat, hasAspect=lei3610-3557-1_bre, hasAspect=lei3610-3557-1_hoo, hasAspect=lei3610-3557-1_bgd, hasAspect=lei3610-3557-1_lei3458, hasAspect=lei3610-3557-1_vor, hasAspect=lei3610-3557-1_wan, hasAspect=lei3610-3557-1xwan, hasAspect=lei3610-3557-1_wib
lei3606-3558-1;HoogteLeiding_val;50 (integer) ;Warning;Kenmerk HoogteLeiding - waarde wijkt af (min=63,max=4000);hasAspect;;Focus-node: type=Persleiding, label=KvBP0072-ID7073-1, hasAspect=lei3606-3558-1_len, hasAspect=lei3606-3558-1_mat, hasAspect=lei3606-3558-1_bre, hasAspect=lei3606-3558-1_hoo, hasAspect=lei3606-3558-1_bgd, hasAspect=lei3606-3558-1_lei3460, hasAspect=lei3606-3558-1_vor, hasAspect=lei3606-3558-1_wan, hasAspect=lei3606-3558-1xwan, hasAspect=lei3606-3558-1_wib
lei3569-3503-1;HoogteLeiding_val;50 (integer) ;Warning;Kenmerk HoogteLeiding - waarde wijkt af (min=63,max=4000);hasAspect;;Focus-node: type=Persleiding, label=KvBP0002-ID4625-1, hasAspect=lei3569-3503-1_len, hasAspect=lei3569-3503-1_mat, hasAspect=lei3569-3503-1_bre, hasAspect=lei3569-3503-1_hoo, hasAspect=lei3569-3503-1_bgd, hasAspect=lei3569-3503-1_lei3378, hasAspect=lei3569-3503-1_vor, hasAspect=lei3569-3503-1_wan, hasAspect=lei3569-3503-1xwan, hasAspect=lei3569-3503-1_wib
lei3615-3494-1;HoogteLeiding_val;50 (integer) ;Warning;Kenmerk HoogteLeiding - waarde wijkt af (min=63,max=4000);hasAspect;;Focus-node: type=Persleiding, label=KvBP0090-ID4147-1, hasAspect=lei3615-3494-1_len, hasAspect=lei3615-3494-1_mat, hasAspect=lei3615-3494-1_bre, hasAspect=lei3615-3494-1_hoo, hasAspect=lei3615-3494-1_bgd, hasAspect=lei3615-3494-1_lei3363, hasAspect=lei3615-3494-1_vor, hasAspect=lei3615-3494-1_wan, hasAspect=lei3615-3494-1xwan, hasAspect=lei3615-3494-1_wib
lei3508-3506-1;HoogteLeiding_val;50 (integer) ;Warning;Kenmerk HoogteLeiding - waarde wijkt af (min=63,max=4000);hasAspect;;Focus-node: type=Persleiding, label=ID4630-ID4628-1, hasAspect=lei3508-3506-1_len, hasAspect=lei3508-3506-1_mat, hasAspect=lei3508-3506-1_bre, hasAspect=lei3508-3506-1_hoo, hasAspect=lei3508-3506-1_bgd, hasAspect=lei3508-3506-1_lei3386, hasAspect=lei3508-3506-1_vor, hasAspect=lei3508-3506-1_wan, hasAspect=lei3508-3506-1xwan, hasAspect=lei3508-3506-1_wib
lei3578-3508-1;HoogteLeiding_val;50 (integer) ;Warning;Kenmerk HoogteLeiding - waarde wijkt af (min=63,max=4000);hasAspect;;Focus-node: type=Persleiding, label=KvBP0018-ID4630-1, hasAspect=lei3578-3508-1_len, hasAspect=lei3578-3508-1_mat, hasAspect=lei3578-3508-1_bre, hasAspect=lei3578-3508-1_hoo, hasAspect=lei3578-3508-1_bgd, hasAspect=lei3578-3508-1_lei3389, hasAspect=lei3578-3508-1_vor, hasAspect=lei3578-3508-1_wan, hasAspect=lei3578-3508-1xwan, hasAspect=lei3578-3508-1_wib
lei3550-3551-1;HoogteLeiding_val;50 (integer) ;Warning;Kenmerk HoogteLeiding - waarde wijkt af (min=63,max=4000);hasAspect;;Focus-node: type=Persleiding, label=ID6967-ID6968-1, hasAspect=lei3550-3551-1_len, hasAspect=lei3550-3551-1_mat, hasAspect=lei3550-3551-1_bre, hasAspect=lei3550-3551-1_hoo, hasAspect=lei3550-3551-1_bgd, hasAspect=lei3550-3551-1_lei3447, hasAspect=lei3550-3551-1_vor, hasAspect=lei3550-3551-1_wan, hasAspect=lei3550-3551-1xwan, hasAspect=lei3550-3551-1_wib
lei3492-3491-1;HoogteLeiding_val;50 (integer) ;Warning;Kenmerk HoogteLeiding - waarde wijkt af (min=63,max=4000);hasAspect;;Focus-node: type=Persleiding, label=ID4145-ID4144-1, hasAspect=lei3492-3491-1_len, hasAspect=lei3492-3491-1_mat, hasAspect=lei3492-3491-1_bre, hasAspect=lei3492-3491-1_hoo, hasAspect=lei3492-3491-1_bgd, hasAspect=lei3492-3491-1_lei3355, hasAspect=lei3492-3491-1_vor, hasAspect=lei3492-3491-1_wan, hasAspect=lei3492-3491-1xwan, hasAspect=lei3492-3491-1_wib
lei3495-3550-1;HoogteLeiding_val;50 (integer) ;Warning;Kenmerk HoogteLeiding - waarde wijkt af (min=63,max=4000);hasAspect;;Focus-node: type=Persleiding, label=ID4148-ID6967-1, hasAspect=lei3495-3550-1_len, hasAspect=lei3495-3550-1_mat, hasAspect=lei3495-3550-1_bre, hasAspect=lei3495-3550-1_hoo, hasAspect=lei3495-3550-1_bgd, hasAspect=lei3495-3550-1_lei3364, hasAspect=lei3495-3550-1_vor, hasAspect=lei3495-3550-1_wan, hasAspect=lei3495-3550-1xwan, hasAspect=lei3495-3550-1_wib
lei3491-3493-1;HoogteLeiding_val;50 (integer) ;Warning;Kenmerk HoogteLeiding - waarde wijkt af (min=63,max=4000);hasAspect;;Focus-node: type=Persleiding, label=ID4144-ID4146-1, hasAspect=lei3491-3493-1_len, hasAspect=lei3491-3493-1_mat, hasAspect=lei3491-3493-1_bre, hasAspect=lei3491-3493-1_hoo, hasAspect=lei3491-3493-1_bgd, hasAspect=lei3491-3493-1_lei3356, hasAspect=lei3491-3493-1_vor, hasAspect=lei3491-3493-1_wan, hasAspect=lei3491-3493-1xwan, hasAspect=lei3491-3493-1_wib
lei3635-3531-1;HoogteLeiding_val;50 (integer) ;Warning;Kenmerk HoogteLeiding - waarde wijkt af (min=63,max=4000);hasAspect;;Focus-node: type=Persleiding, label=KvBP0130-ID5028-1, hasAspect=lei3635-3531-1_len, hasAspect=lei3635-3531-1_mat, hasAspect=lei3635-3531-1_bre, hasAspect=lei3635-3531-1_hoo, hasAspect=lei3635-3531-1_bgd, hasAspect=lei3635-3531-1_lei3424, hasAspect=lei3635-3531-1_vor, hasAspect=lei3635-3531-1_wan, hasAspect=lei3635-3531-1xwan, hasAspect=lei3635-3531-1_wib
lei3571-3502-1;HoogteLeiding_val;50 (integer) ;Warning;Kenmerk HoogteLeiding - waarde wijkt af (min=63,max=4000);hasAspect;;Focus-node: type=Persleiding, label=KvBP0004-ID4624-1, hasAspect=lei3571-3502-1_len, hasAspect=lei3571-3502-1_mat, hasAspect=lei3571-3502-1_bre, hasAspect=lei3571-3502-1_hoo, hasAspect=lei3571-3502-1_bgd, hasAspect=lei3571-3502-1_lei3376, hasAspect=lei3571-3502-1_vor, hasAspect=lei3571-3502-1_wan, hasAspect=lei3571-3502-1xwan, hasAspect=lei3571-3502-1_wib
lei3616-3493-1;HoogteLeiding_val;50 (integer) ;Warning;Kenmerk HoogteLeiding - waarde wijkt af (min=63,max=4000);hasAspect;;Focus-node: type=Persleiding, label=KvBP0092-ID4146-1, hasAspect=lei3616-3493-1_len, hasAspect=lei3616-3493-1_mat, hasAspect=lei3616-3493-1_bre, hasAspect=lei3616-3493-1_hoo, hasAspect=lei3616-3493-1_bgd, hasAspect=lei3616-3493-1_lei3361, hasAspect=lei3616-3493-1_vor, hasAspect=lei3616-3493-1_wan, hasAspect=lei3616-3493-1xwan, hasAspect=lei3616-3493-1_wib
lei3613-3550-1;HoogteLeiding_val;50 (integer) ;Warning;Kenmerk HoogteLeiding - waarde wijkt af (min=63,max=4000);hasAspect;;Focus-node: type=Persleiding, label=KvBP0086-ID6967-1, hasAspect=lei3613-3550-1_len, hasAspect=lei3613-3550-1_mat, hasAspect=lei3613-3550-1_bre, hasAspect=lei3613-3550-1_hoo, hasAspect=lei3613-3550-1_bgd, hasAspect=lei3613-3550-1_lei3448, hasAspect=lei3613-3550-1_vor, hasAspect=lei3613-3550-1_wan, hasAspect=lei3613-3550-1xwan, hasAspect=lei3613-3550-1_wib
lei3530-3531-1;HoogteLeiding_val;50 (integer) ;Warning;Kenmerk HoogteLeiding - waarde wijkt af (min=63,max=4000);hasAspect;;Focus-node: type=Persleiding, label=ID5027-ID5028-1, hasAspect=lei3530-3531-1_len, hasAspect=lei3530-3531-1_mat, hasAspect=lei3530-3531-1_bre, hasAspect=lei3530-3531-1_hoo, hasAspect=lei3530-3531-1_bgd, hasAspect=lei3530-3531-1_lei3423, hasAspect=lei3530-3531-1_vor, hasAspect=lei3530-3531-1_wan, hasAspect=lei3530-3531-1xwan, hasAspect=lei3530-3531-1_wib
lei3564-3565-1;HoogteLeiding_val;50 (integer) ;Warning;Kenmerk HoogteLeiding - waarde wijkt af (min=63,max=4000);hasAspect;;Focus-node: type=LozeLeiding, label=ID8364-ID8365-1, hasAspect=lei3564-3565-1_len, hasAspect=lei3564-3565-1_mat, hasAspect=lei3564-3565-1_bre, hasAspect=lei3564-3565-1_hoo, hasAspect=lei3564-3565-1_bgd, hasAspect=lei3564-3565-1_lei3466, hasAspect=lei3564-3565-1_vor, hasAspect=lei3564-3565-1_wan, hasAspect=lei3564-3565-1xwan, hasAspect=lei3564-3565-1_wib
lei3608-3557-1;HoogteLeiding_val;50 (integer) ;Warning;Kenmerk HoogteLeiding - waarde wijkt af (min=63,max=4000);hasAspect;;Focus-node: type=Persleiding, label=KvBP0076-ID7072-1, hasAspect=lei3608-3557-1_len, hasAspect=lei3608-3557-1_mat, hasAspect=lei3608-3557-1_bre, hasAspect=lei3608-3557-1_hoo, hasAspect=lei3608-3557-1_bgd, hasAspect=lei3608-3557-1_lei3456, hasAspect=lei3608-3557-1_vor, hasAspect=lei3608-3557-1_wan, hasAspect=lei3608-3557-1xwan, hasAspect=lei3608-3557-1_wib
lei3558-3549-1;HoogteLeiding_val;50 (integer) ;Warning;Kenmerk HoogteLeiding - waarde wijkt af (min=63,max=4000);hasAspect;;Focus-node: type=Persleiding, label=ID7073-ID6538-1, hasAspect=lei3558-3549-1_len, hasAspect=lei3558-3549-1_mat, hasAspect=lei3558-3549-1_bre, hasAspect=lei3558-3549-1_hoo, hasAspect=lei3558-3549-1_bgd, hasAspect=lei3558-3549-1_lei3445, hasAspect=lei3558-3549-1_vor, hasAspect=lei3558-3549-1_wan, hasAspect=lei3558-3549-1xwan, hasAspect=lei3558-3549-1_wib
lei3604-3522-1;HoogteLeiding_val;50 (integer) ;Warning;Kenmerk HoogteLeiding - waarde wijkt af (min=63,max=4000);hasAspect;;Focus-node: type=Persleiding, label=KvBP0070-ID4721-1, hasAspect=lei3604-3522-1_len, hasAspect=lei3604-3522-1_mat, hasAspect=lei3604-3522-1_bre, hasAspect=lei3604-3522-1_hoo, hasAspect=lei3604-3522-1_bgd, hasAspect=lei3604-3522-1_lei3412, hasAspect=lei3604-3522-1_vor, hasAspect=lei3604-3522-1_wan, hasAspect=lei3604-3522-1xwan, hasAspect=lei3604-3522-1_wib
lei3607-3549-1;HoogteLeiding_val;50 (integer) ;Warning;Kenmerk HoogteLeiding - waarde wijkt af (min=63,max=4000);hasAspect;;Focus-node: type=Persleiding, label=KvBP0074-ID6538-1, hasAspect=lei3607-3549-1_len, hasAspect=lei3607-3549-1_mat, hasAspect=lei3607-3549-1_bre, hasAspect=lei3607-3549-1_hoo, hasAspect=lei3607-3549-1_bgd, hasAspect=lei3607-3549-1_lei3446, hasAspect=lei3607-3549-1_vor, hasAspect=lei3607-3549-1_wan, hasAspect=lei3607-3549-1xwan, hasAspect=lei3607-3549-1_wib
lei3608-3556-1;HoogteLeiding_val;50 (integer) ;Warning;Kenmerk HoogteLeiding - waarde wijkt af (min=63,max=4000);hasAspect;;Focus-node: type=Persleiding, label=KvBP0076-ID7071-1, hasAspect=lei3608-3556-1_len, hasAspect=lei3608-3556-1_mat, hasAspect=lei3608-3556-1_bre, hasAspect=lei3608-3556-1_hoo, hasAspect=lei3608-3556-1_bgd, hasAspect=lei3608-3556-1_lei3454, hasAspect=lei3608-3556-1_vor, hasAspect=lei3608-3556-1_wan, hasAspect=lei3608-3556-1xwan, hasAspect=lei3608-3556-1_wib
lei3507-3505-1;HoogteLeiding_val;50 (integer) ;Warning;Kenmerk HoogteLeiding - waarde wijkt af (min=63,max=4000);hasAspect;;Focus-node: type=Persleiding, label=ID4629-ID4627-1, hasAspect=lei3507-3505-1_len, hasAspect=lei3507-3505-1_mat, hasAspect=lei3507-3505-1_bre, hasAspect=lei3507-3505-1_hoo, hasAspect=lei3507-3505-1_bgd, hasAspect=lei3507-3505-1_lei3382, hasAspect=lei3507-3505-1_vor, hasAspect=lei3507-3505-1_wan, hasAspect=lei3507-3505-1xwan, hasAspect=lei3507-3505-1_wib
lei3573-3504-1;HoogteLeiding_val;50 (integer) ;Warning;Kenmerk HoogteLeiding - waarde wijkt af (min=63,max=4000);hasAspect;;Focus-node: type=Persleiding, label=KvBP0008-ID4626-1, hasAspect=lei3573-3504-1_len, hasAspect=lei3573-3504-1_mat, hasAspect=lei3573-3504-1_bre, hasAspect=lei3573-3504-1_hoo, hasAspect=lei3573-3504-1_bgd, hasAspect=lei3573-3504-1_lei3381, hasAspect=lei3573-3504-1_vor, hasAspect=lei3573-3504-1_wan, hasAspect=lei3573-3504-1xwan, hasAspect=lei3573-3504-1_wib
lei3507-3506-1;HoogteLeiding_val;50 (integer) ;Warning;Kenmerk HoogteLeiding - waarde wijkt af (min=63,max=4000);hasAspect;;Focus-node: type=Persleiding, label=ID4629-ID4628-1, hasAspect=lei3507-3506-1_len, hasAspect=lei3507-3506-1_mat, hasAspect=lei3507-3506-1_bre, hasAspect=lei3507-3506-1_hoo, hasAspect=lei3507-3506-1_bgd, hasAspect=lei3507-3506-1_lei3385, hasAspect=lei3507-3506-1_vor, hasAspect=lei3507-3506-1_wan, hasAspect=lei3507-3506-1xwan, hasAspect=lei3507-3506-1_wib
lei3577-3506-1;HoogteLeiding_val;50 (integer) ;Warning;Kenmerk HoogteLeiding - waarde wijkt af (min=63,max=4000);hasAspect;;Focus-node: type=Persleiding, label=KvBP0016-ID4628-1, hasAspect=lei3577-3506-1_len, hasAspect=lei3577-3506-1_mat, hasAspect=lei3577-3506-1_bre, hasAspect=lei3577-3506-1_hoo, hasAspect=lei3577-3506-1_bgd, hasAspect=lei3577-3506-1_lei3387, hasAspect=lei3577-3506-1_vor, hasAspect=lei3577-3506-1_wan, hasAspect=lei3577-3506-1xwan, hasAspect=lei3577-3506-1_wib
lei3562-3563-1;HoogteLeiding_val;50 (integer) ;Warning;Kenmerk HoogteLeiding - waarde wijkt af (min=63,max=4000);hasAspect;;Focus-node: type=Persleiding, label=ID8362-ID8363-1, hasAspect=lei3562-3563-1_len, hasAspect=lei3562-3563-1_mat, hasAspect=lei3562-3563-1_bre, hasAspect=lei3562-3563-1_hoo, hasAspect=lei3562-3563-1_bgd, hasAspect=lei3562-3563-1_lei3465, hasAspect=lei3562-3563-1_vor, hasAspect=lei3562-3563-1_wan, hasAspect=lei3562-3563-1xwan, hasAspect=lei3562-3563-1_wib
lei3559-3560-1;HoogteLeiding_val;50 (integer) ;Warning;Kenmerk HoogteLeiding - waarde wijkt af (min=63,max=4000);hasAspect;;Focus-node: type=Persleiding, label=ID7074-ID7075-1, hasAspect=lei3559-3560-1_len, hasAspect=lei3559-3560-1_mat, hasAspect=lei3559-3560-1_bre, hasAspect=lei3559-3560-1_hoo, hasAspect=lei3559-3560-1_bgd, hasAspect=lei3559-3560-1_lei3461, hasAspect=lei3559-3560-1_vor, hasAspect=lei3559-3560-1_wan, hasAspect=lei3559-3560-1xwan, hasAspect=lei3559-3560-1_wib
lei3602-3559-1;HoogteLeiding_val;50 (integer) ;Warning;Kenmerk HoogteLeiding - waarde wijkt af (min=63,max=4000);hasAspect;;Focus-node: type=Persleiding, label=KvBP0066-ID7074-1, hasAspect=lei3602-3559-1_len, hasAspect=lei3602-3559-1_mat, hasAspect=lei3602-3559-1_bre, hasAspect=lei3602-3559-1_hoo, hasAspect=lei3602-3559-1_bgd, hasAspect=lei3602-3559-1_lei3463, hasAspect=lei3602-3559-1_vor, hasAspect=lei3602-3559-1_wan, hasAspect=lei3602-3559-1xwan, hasAspect=lei3602-3559-1_wib
lei3561-3559-1;BreedteLeiding_val;50 (integer) ;Warning;Kenmerk BreedteLeiding - waarde wijkt af (min=63,max=4000);hasAspect;;Focus-node: type=Persleiding, label=ID7076-ID7074-1, hasAspect=lei3561-3559-1_len, hasAspect=lei3561-3559-1_mat, hasAspect=lei3561-3559-1_bre, hasAspect=lei3561-3559-1_hoo, hasAspect=lei3561-3559-1_bgd, hasAspect=lei3561-3559-1_lei3462, hasAspect=lei3561-3559-1_vor, hasAspect=lei3561-3559-1_wan, hasAspect=lei3561-3559-1xwan, hasAspect=lei3561-3559-1_wib
lei3611-3612-1;BreedteLeiding_val;50 (integer) ;Warning;Kenmerk BreedteLeiding - waarde wijkt af (min=63,max=4000);hasAspect;;Focus-node: type=Persleiding, label=KvBP0082-KvBP0084-1, hasAspect=lei3611-3612-1_len, hasAspect=lei3611-3612-1_mat, hasAspect=lei3611-3612-1_bre, hasAspect=lei3611-3612-1_hoo, hasAspect=lei3611-3612-1_bgd, hasAspect=lei3611-3612-1_lei3473, hasAspect=lei3611-3612-1_vor, hasAspect=lei3611-3612-1_wan, hasAspect=lei3611-3612-1xwan, hasAspect=lei3611-3612-1_wib
lei3462-3453-1;BreedteLeiding_val;50 (integer) ;Warning;Kenmerk BreedteLeiding - waarde wijkt af (min=63,max=4000);hasAspect;;Focus-node: type=Persleiding, label=Kv1P0002-Kv1G0034-1, hasAspect=lei3462-3453-1_len, hasAspect=lei3462-3453-1_mat, hasAspect=lei3462-3453-1_bre, hasAspect=lei3462-3453-1_hoo, hasAspect=lei3462-3453-1_bgd, hasAspect=lei3462-3453-1_lei3303, hasAspect=lei3462-3453-1_vor, hasAspect=lei3462-3453-1_wan, hasAspect=lei3462-3453-1xwan, hasAspect=lei3462-3453-1_wib
lei3575-3505-1;BreedteLeiding_val;50 (integer) ;Warning;Kenmerk BreedteLeiding - waarde wijkt af (min=63,max=4000);hasAspect;;Focus-node: type=Persleiding, label=KvBP0012-ID4627-1, hasAspect=lei3575-3505-1_len, hasAspect=lei3575-3505-1_mat, hasAspect=lei3575-3505-1_bre, hasAspect=lei3575-3505-1_hoo, hasAspect=lei3575-3505-1_bgd, hasAspect=lei3575-3505-1_lei3384, hasAspect=lei3575-3505-1_vor, hasAspect=lei3575-3505-1_wan, hasAspect=lei3575-3505-1xwan, hasAspect=lei3575-3505-1_wib
lei3605-3561-1;BreedteLeiding_val;50 (integer) ;Warning;Kenmerk BreedteLeiding - waarde wijkt af (min=63,max=4000);hasAspect;;Focus-node: type=Persleiding, label=KvBP0071-ID7076-1, hasAspect=lei3605-3561-1_len, hasAspect=lei3605-3561-1_mat, hasAspect=lei3605-3561-1_bre, hasAspect=lei3605-3561-1_hoo, hasAspect=lei3605-3561-1_bgd, hasAspect=lei3605-3561-1_lei3464, hasAspect=lei3605-3561-1_vor, hasAspect=lei3605-3561-1_wan, hasAspect=lei3605-3561-1xwan, hasAspect=lei3605-3561-1_wib
lei3601-3600-1;BreedteLeiding_val;50 (integer) ;Warning;Kenmerk BreedteLeiding - waarde wijkt af (min=63,max=4000);hasAspect;;Focus-node: type=Persleiding, label=KvBP0064-KvBP0062-1, hasAspect=lei3601-3600-1_len, hasAspect=lei3601-3600-1_mat, hasAspect=lei3601-3600-1_bre, hasAspect=lei3601-3600-1_hoo, hasAspect=lei3601-3600-1_bgd, hasAspect=lei3601-3600-1_lei3472, hasAspect=lei3601-3600-1_vor, hasAspect=lei3601-3600-1_wan, hasAspect=lei3601-3600-1xwan, hasAspect=lei3601-3600-1_wib
lei3603-3522-1;BreedteLeiding_val;50 (integer) ;Warning;Kenmerk BreedteLeiding - waarde wijkt af (min=63,max=4000);hasAspect;;Focus-node: type=Persleiding, label=KvBP0068-ID4721-1, hasAspect=lei3603-3522-1_len, hasAspect=lei3603-3522-1_mat, hasAspect=lei3603-3522-1_bre, hasAspect=lei3603-3522-1_hoo, hasAspect=lei3603-3522-1_bgd, hasAspect=lei3603-3522-1_lei3411, hasAspect=lei3603-3522-1_vor, hasAspect=lei3603-3522-1_wan, hasAspect=lei3603-3522-1xwan, hasAspect=lei3603-3522-1_wib
lei3637-3529-1;BreedteLeiding_val;50 (integer) ;Warning;Kenmerk BreedteLeiding - waarde wijkt af (min=63,max=4000);hasAspect;;Focus-node: type=Persleiding, label=KvBP0134-ID5026-1, hasAspect=lei3637-3529-1_len, hasAspect=lei3637-3529-1_mat, hasAspect=lei3637-3529-1_bre, hasAspect=lei3637-3529-1_hoo, hasAspect=lei3637-3529-1_bgd, hasAspect=lei3637-3529-1_lei3422, hasAspect=lei3637-3529-1_vor, hasAspect=lei3637-3529-1_wan, hasAspect=lei3637-3529-1xwan, hasAspect=lei3637-3529-1_wib
lei3494-3495-1;BreedteLeiding_val;50 (integer) ;Warning;Kenmerk BreedteLeiding - waarde wijkt af (min=63,max=4000);hasAspect;;Focus-node: type=Persleiding, label=ID4147-ID4148-1, hasAspect=lei3494-3495-1_len, hasAspect=lei3494-3495-1_mat, hasAspect=lei3494-3495-1_bre, hasAspect=lei3494-3495-1_hoo, hasAspect=lei3494-3495-1_bgd, hasAspect=lei3494-3495-1_lei3362, hasAspect=lei3494-3495-1_vor, hasAspect=lei3494-3495-1_wan, hasAspect=lei3494-3495-1xwan, hasAspect=lei3494-3495-1_wib
lei3572-3541-1;BreedteLeiding_val;50 (integer) ;Warning;Kenmerk BreedteLeiding - waarde wijkt af (min=63,max=4000);hasAspect;;Focus-node: type=Persleiding, label=KvBP0006-ID5759-1, hasAspect=lei3572-3541-1_len, hasAspect=lei3572-3541-1_mat, hasAspect=lei3572-3541-1_bre, hasAspect=lei3572-3541-1_hoo, hasAspect=lei3572-3541-1_bgd, hasAspect=lei3572-3541-1_lei3438, hasAspect=lei3572-3541-1_vor, hasAspect=lei3572-3541-1_wan, hasAspect=lei3572-3541-1xwan, hasAspect=lei3572-3541-1_wib
lei3529-3530-1;BreedteLeiding_val;50 (integer) ;Warning;Kenmerk BreedteLeiding - waarde wijkt af (min=63,max=4000);hasAspect;;Focus-node: type=Persleiding, label=ID5026-ID5027-1, hasAspect=lei3529-3530-1_len, hasAspect=lei3529-3530-1_mat, hasAspect=lei3529-3530-1_bre, hasAspect=lei3529-3530-1_hoo, hasAspect=lei3529-3530-1_bgd, hasAspect=lei3529-3530-1_lei3421, hasAspect=lei3529-3530-1_vor, hasAspect=lei3529-3530-1_wan, hasAspect=lei3529-3530-1xwan, hasAspect=lei3529-3530-1_wib
lei3556-3549-1;BreedteLeiding_val;50 (integer) ;Warning;Kenmerk BreedteLeiding - waarde wijkt af (min=63,max=4000);hasAspect;;Focus-node: type=Persleiding, label=ID7071-ID6538-1, hasAspect=lei3556-3549-1_len, hasAspect=lei3556-3549-1_mat, hasAspect=lei3556-3549-1_bre, hasAspect=lei3556-3549-1_hoo, hasAspect=lei3556-3549-1_bgd, hasAspect=lei3556-3549-1_lei3444, hasAspect=lei3556-3549-1_vor, hasAspect=lei3556-3549-1_wan, hasAspect=lei3556-3549-1xwan, hasAspect=lei3556-3549-1_wib
lei3617-3491-1;BreedteLeiding_val;50 (integer) ;Warning;Kenmerk BreedteLeiding - waarde wijkt af (min=63,max=4000);hasAspect;;Focus-node: type=Persleiding, label=KvBP0094-ID4144-1, hasAspect=lei3617-3491-1_len, hasAspect=lei3617-3491-1_mat, hasAspect=lei3617-3491-1_bre, hasAspect=lei3617-3491-1_hoo, hasAspect=lei3617-3491-1_bgd, hasAspect=lei3617-3491-1_lei3357, hasAspect=lei3617-3491-1_vor, hasAspect=lei3617-3491-1_wan, hasAspect=lei3617-3491-1xwan, hasAspect=lei3617-3491-1_wib
lei3493-3494-1;BreedteLeiding_val;50 (integer) ;Warning;Kenmerk BreedteLeiding - waarde wijkt af (min=63,max=4000);hasAspect;;Focus-node: type=Persleiding, label=ID4146-ID4147-1, hasAspect=lei3493-3494-1_len, hasAspect=lei3493-3494-1_mat, hasAspect=lei3493-3494-1_bre, hasAspect=lei3493-3494-1_hoo, hasAspect=lei3493-3494-1_bgd, hasAspect=lei3493-3494-1_lei3360, hasAspect=lei3493-3494-1_vor, hasAspect=lei3493-3494-1_wan, hasAspect=lei3493-3494-1xwan, hasAspect=lei3493-3494-1_wib
lei3496-3548-1;BreedteLeiding_val;50 (integer) ;Warning;Kenmerk BreedteLeiding - waarde wijkt af (min=63,max=4000);hasAspect;;Focus-node: type=Persleiding, label=ID4149-ID6276-1, hasAspect=lei3496-3548-1_len, hasAspect=lei3496-3548-1_mat, hasAspect=lei3496-3548-1_bre, hasAspect=lei3496-3548-1_hoo, hasAspect=lei3496-3548-1_bgd, hasAspect=lei3496-3548-1_lei3366, hasAspect=lei3496-3548-1_vor, hasAspect=lei3496-3548-1_wan, hasAspect=lei3496-3548-1xwan, hasAspect=lei3496-3548-1_wib
lei3621-3496-1;BreedteLeiding_val;50 (integer) ;Warning;Kenmerk BreedteLeiding - waarde wijkt af (min=63,max=4000);hasAspect;;Focus-node: type=Persleiding, label=KvBP0102-ID4149-1, hasAspect=lei3621-3496-1_len, hasAspect=lei3621-3496-1_mat, hasAspect=lei3621-3496-1_bre, hasAspect=lei3621-3496-1_hoo, hasAspect=lei3621-3496-1_bgd, hasAspect=lei3621-3496-1_lei3368, hasAspect=lei3621-3496-1_vor, hasAspect=lei3621-3496-1_wan, hasAspect=lei3621-3496-1xwan, hasAspect=lei3621-3496-1_wib
lei3618-3492-1;BreedteLeiding_val;50 (integer) ;Warning;Kenmerk BreedteLeiding - waarde wijkt af (min=63,max=4000);hasAspect;;Focus-node: type=Persleiding, label=KvBP0096-ID4145-1, hasAspect=lei3618-3492-1_len, hasAspect=lei3618-3492-1_mat, hasAspect=lei3618-3492-1_bre, hasAspect=lei3618-3492-1_hoo, hasAspect=lei3618-3492-1_bgd, hasAspect=lei3618-3492-1_lei3359, hasAspect=lei3618-3492-1_vor, hasAspect=lei3618-3492-1_wan, hasAspect=lei3618-3492-1xwan, hasAspect=lei3618-3492-1_wib
lei3620-3496-1;BreedteLeiding_val;50 (integer) ;Warning;Kenmerk BreedteLeiding - waarde wijkt af (min=63,max=4000);hasAspect;;Focus-node: type=Persleiding, label=KvBP0100-ID4149-1, hasAspect=lei3620-3496-1_len, hasAspect=lei3620-3496-1_mat, hasAspect=lei3620-3496-1_bre, hasAspect=lei3620-3496-1_hoo, hasAspect=lei3620-3496-1_bgd, hasAspect=lei3620-3496-1_lei3367, hasAspect=lei3620-3496-1_vor, hasAspect=lei3620-3496-1_wan, hasAspect=lei3620-3496-1xwan, hasAspect=lei3620-3496-1_wib
lei3609-3557-1;BreedteLeiding_val;50 (integer) ;Warning;Kenmerk BreedteLeiding - waarde wijkt af (min=63,max=4000);hasAspect;;Focus-node: type=Persleiding, label=KvBP0078-ID7072-1, hasAspect=lei3609-3557-1_len, hasAspect=lei3609-3557-1_mat, hasAspect=lei3609-3557-1_bre, hasAspect=lei3609-3557-1_hoo, hasAspect=lei3609-3557-1_bgd, hasAspect=lei3609-3557-1_lei3457, hasAspect=lei3609-3557-1_vor, hasAspect=lei3609-3557-1_wan, hasAspect=lei3609-3557-1xwan, hasAspect=lei3609-3557-1_wib
lei3612-3556-1;BreedteLeiding_val;50 (integer) ;Warning;Kenmerk BreedteLeiding - waarde wijkt af (min=63,max=4000);hasAspect;;Focus-node: type=Persleiding, label=KvBP0084-ID7071-1, hasAspect=lei3612-3556-1_len, hasAspect=lei3612-3556-1_mat, hasAspect=lei3612-3556-1_bre, hasAspect=lei3612-3556-1_hoo, hasAspect=lei3612-3556-1_bgd, hasAspect=lei3612-3556-1_lei3455, hasAspect=lei3612-3556-1_vor, hasAspect=lei3612-3556-1_wan, hasAspect=lei3612-3556-1xwan, hasAspect=lei3612-3556-1_wib
lei3522-3526-1;BreedteLeiding_val;50 (integer) ;Warning;Kenmerk BreedteLeiding - waarde wijkt af (min=63,max=4000);hasAspect;;Focus-node: type=Persleiding, label=ID4721-ID4725-1, hasAspect=lei3522-3526-1_len, hasAspect=lei3522-3526-1_mat, hasAspect=lei3522-3526-1_bre, hasAspect=lei3522-3526-1_hoo, hasAspect=lei3522-3526-1_bgd, hasAspect=lei3522-3526-1_lei3410, hasAspect=lei3522-3526-1_vor, hasAspect=lei3522-3526-1_wan, hasAspect=lei3522-3526-1xwan, hasAspect=lei3522-3526-1_wib
lei3600-3443-1;BreedteLeiding_val;50 (integer) ;Warning;Kenmerk BreedteLeiding - waarde wijkt af (min=63,max=4000);hasAspect;;Focus-node: type=Persleiding, label=KvBP0062-Kv1G0014-1, hasAspect=lei3600-3443-1_len, hasAspect=lei3600-3443-1_mat, hasAspect=lei3600-3443-1_bre, hasAspect=lei3600-3443-1_hoo, hasAspect=lei3600-3443-1_bgd, hasAspect=lei3600-3443-1_lei3469, hasAspect=lei3600-3443-1_vor, hasAspect=lei3600-3443-1_wan, hasAspect=lei3600-3443-1xwan, hasAspect=lei3600-3443-1_wib
lei3576-3507-1;BreedteLeiding_val;50 (integer) ;Warning;Kenmerk BreedteLeiding - waarde wijkt af (min=63,max=4000);hasAspect;;Focus-node: type=Persleiding, label=KvBP0014-ID4629-1, hasAspect=lei3576-3507-1_len, hasAspect=lei3576-3507-1_mat, hasAspect=lei3576-3507-1_bre, hasAspect=lei3576-3507-1_hoo, hasAspect=lei3576-3507-1_bgd, hasAspect=lei3576-3507-1_lei3388, hasAspect=lei3576-3507-1_vor, hasAspect=lei3576-3507-1_wan, hasAspect=lei3576-3507-1xwan, hasAspect=lei3576-3507-1_wib
lei3505-3562-1;BreedteLeiding_val;50 (integer) ;Warning;Kenmerk BreedteLeiding - waarde wijkt af (min=63,max=4000);hasAspect;;Focus-node: type=Persleiding, label=ID4627-ID8362-1, hasAspect=lei3505-3562-1_len, hasAspect=lei3505-3562-1_mat, hasAspect=lei3505-3562-1_bre, hasAspect=lei3505-3562-1_hoo, hasAspect=lei3505-3562-1_bgd, hasAspect=lei3505-3562-1_lei3383, hasAspect=lei3505-3562-1_vor, hasAspect=lei3505-3562-1_wan, hasAspect=lei3505-3562-1xwan, hasAspect=lei3505-3562-1_wib
lei3548-3492-1;BreedteLeiding_val;50 (integer) ;Warning;Kenmerk BreedteLeiding - waarde wijkt af (min=63,max=4000);hasAspect;;Focus-node: type=Persleiding, label=ID6276-ID4145-1, hasAspect=lei3548-3492-1_len, hasAspect=lei3548-3492-1_mat, hasAspect=lei3548-3492-1_bre, hasAspect=lei3548-3492-1_hoo, hasAspect=lei3548-3492-1_bgd, hasAspect=lei3548-3492-1_lei3358, hasAspect=lei3548-3492-1_vor, hasAspect=lei3548-3492-1_wan, hasAspect=lei3548-3492-1xwan, hasAspect=lei3548-3492-1_wib
lei3558-3561-1;BreedteLeiding_val;50 (integer) ;Warning;Kenmerk BreedteLeiding - waarde wijkt af (min=63,max=4000);hasAspect;;Focus-node: type=Persleiding, label=ID7073-ID7076-1, hasAspect=lei3558-3561-1_len, hasAspect=lei3558-3561-1_mat, hasAspect=lei3558-3561-1_bre, hasAspect=lei3558-3561-1_hoo, hasAspect=lei3558-3561-1_bgd, hasAspect=lei3558-3561-1_lei3459, hasAspect=lei3558-3561-1_vor, hasAspect=lei3558-3561-1_wan, hasAspect=lei3558-3561-1xwan, hasAspect=lei3558-3561-1_wib
lei3614-3495-1;BreedteLeiding_val;50 (integer) ;Warning;Kenmerk BreedteLeiding - waarde wijkt af (min=63,max=4000);hasAspect;;Focus-node: type=Persleiding, label=KvBP0088-ID4148-1, hasAspect=lei3614-3495-1_len, hasAspect=lei3614-3495-1_mat, hasAspect=lei3614-3495-1_bre, hasAspect=lei3614-3495-1_hoo, hasAspect=lei3614-3495-1_bgd, hasAspect=lei3614-3495-1_lei3365, hasAspect=lei3614-3495-1_vor, hasAspect=lei3614-3495-1_wan, hasAspect=lei3614-3495-1xwan, hasAspect=lei3614-3495-1_wib
lei3540-3563-1;BreedteLeiding_val;50 (integer) ;Warning;Kenmerk BreedteLeiding - waarde wijkt af (min=63,max=4000);hasAspect;;Focus-node: type=Persleiding, label=ID5758-ID8363-1, hasAspect=lei3540-3563-1_len, hasAspect=lei3540-3563-1_mat, hasAspect=lei3540-3563-1_bre, hasAspect=lei3540-3563-1_hoo, hasAspect=lei3540-3563-1_bgd, hasAspect=lei3540-3563-1_lei3436, hasAspect=lei3540-3563-1_vor, hasAspect=lei3540-3563-1_wan, hasAspect=lei3540-3563-1xwan, hasAspect=lei3540-3563-1_wib
lei3527-3560-1;BreedteLeiding_val;50 (integer) ;Warning;Kenmerk BreedteLeiding - waarde wijkt af (min=63,max=4000);hasAspect;;Focus-node: type=Persleiding, label=ID4726-ID7075-1, hasAspect=lei3527-3560-1_len, hasAspect=lei3527-3560-1_mat, hasAspect=lei3527-3560-1_bre, hasAspect=lei3527-3560-1_hoo, hasAspect=lei3527-3560-1_bgd, hasAspect=lei3527-3560-1_lei3417, hasAspect=lei3527-3560-1_vor, hasAspect=lei3527-3560-1_wan, hasAspect=lei3527-3560-1xwan, hasAspect=lei3527-3560-1_wib
lei3610-3557-1;BreedteLeiding_val;50 (integer) ;Warning;Kenmerk BreedteLeiding - waarde wijkt af (min=63,max=4000);hasAspect;;Focus-node: type=Persleiding, label=KvBP0080-ID7072-1, hasAspect=lei3610-3557-1_len, hasAspect=lei3610-3557-1_mat, hasAspect=lei3610-3557-1_bre, hasAspect=lei3610-3557-1_hoo, hasAspect=lei3610-3557-1_bgd, hasAspect=lei3610-3557-1_lei3458, hasAspect=lei3610-3557-1_vor, hasAspect=lei3610-3557-1_wan, hasAspect=lei3610-3557-1xwan, hasAspect=lei3610-3557-1_wib
lei3606-3558-1;BreedteLeiding_val;50 (integer) ;Warning;Kenmerk BreedteLeiding - waarde wijkt af (min=63,max=4000);hasAspect;;Focus-node: type=Persleiding, label=KvBP0072-ID7073-1, hasAspect=lei3606-3558-1_len, hasAspect=lei3606-3558-1_mat, hasAspect=lei3606-3558-1_bre, hasAspect=lei3606-3558-1_hoo, hasAspect=lei3606-3558-1_bgd, hasAspect=lei3606-3558-1_lei3460, hasAspect=lei3606-3558-1_vor, hasAspect=lei3606-3558-1_wan, hasAspect=lei3606-3558-1xwan, hasAspect=lei3606-3558-1_wib
lei3569-3503-1;BreedteLeiding_val;50 (integer) ;Warning;Kenmerk BreedteLeiding - waarde wijkt af (min=63,max=4000);hasAspect;;Focus-node: type=Persleiding, label=KvBP0002-ID4625-1, hasAspect=lei3569-3503-1_len, hasAspect=lei3569-3503-1_mat, hasAspect=lei3569-3503-1_bre, hasAspect=lei3569-3503-1_hoo, hasAspect=lei3569-3503-1_bgd, hasAspect=lei3569-3503-1_lei3378, hasAspect=lei3569-3503-1_vor, hasAspect=lei3569-3503-1_wan, hasAspect=lei3569-3503-1xwan, hasAspect=lei3569-3503-1_wib
lei3615-3494-1;BreedteLeiding_val;50 (integer) ;Warning;Kenmerk BreedteLeiding - waarde wijkt af (min=63,max=4000);hasAspect;;Focus-node: type=Persleiding, label=KvBP0090-ID4147-1, hasAspect=lei3615-3494-1_len, hasAspect=lei3615-3494-1_mat, hasAspect=lei3615-3494-1_bre, hasAspect=lei3615-3494-1_hoo, hasAspect=lei3615-3494-1_bgd, hasAspect=lei3615-3494-1_lei3363, hasAspect=lei3615-3494-1_vor, hasAspect=lei3615-3494-1_wan, hasAspect=lei3615-3494-1xwan, hasAspect=lei3615-3494-1_wib
lei3508-3506-1;BreedteLeiding_val;50 (integer) ;Warning;Kenmerk BreedteLeiding - waarde wijkt af (min=63,max=4000);hasAspect;;Focus-node: type=Persleiding, label=ID4630-ID4628-1, hasAspect=lei3508-3506-1_len, hasAspect=lei3508-3506-1_mat, hasAspect=lei3508-3506-1_bre, hasAspect=lei3508-3506-1_hoo, hasAspect=lei3508-3506-1_bgd, hasAspect=lei3508-3506-1_lei3386, hasAspect=lei3508-3506-1_vor, hasAspect=lei3508-3506-1_wan, hasAspect=lei3508-3506-1xwan, hasAspect=lei3508-3506-1_wib
lei3578-3508-1;BreedteLeiding_val;50 (integer) ;Warning;Kenmerk BreedteLeiding - waarde wijkt af (min=63,max=4000);hasAspect;;Focus-node: type=Persleiding, label=KvBP0018-ID4630-1, hasAspect=lei3578-3508-1_len, hasAspect=lei3578-3508-1_mat, hasAspect=lei3578-3508-1_bre, hasAspect=lei3578-3508-1_hoo, hasAspect=lei3578-3508-1_bgd, hasAspect=lei3578-3508-1_lei3389, hasAspect=lei3578-3508-1_vor, hasAspect=lei3578-3508-1_wan, hasAspect=lei3578-3508-1xwan, hasAspect=lei3578-3508-1_wib
lei3550-3551-1;BreedteLeiding_val;50 (integer) ;Warning;Kenmerk BreedteLeiding - waarde wijkt af (min=63,max=4000);hasAspect;;Focus-node: type=Persleiding, label=ID6967-ID6968-1, hasAspect=lei3550-3551-1_len, hasAspect=lei3550-3551-1_mat, hasAspect=lei3550-3551-1_bre, hasAspect=lei3550-3551-1_hoo, hasAspect=lei3550-3551-1_bgd, hasAspect=lei3550-3551-1_lei3447, hasAspect=lei3550-3551-1_vor, hasAspect=lei3550-3551-1_wan, hasAspect=lei3550-3551-1xwan, hasAspect=lei3550-3551-1_wib
lei3492-3491-1;BreedteLeiding_val;50 (integer) ;Warning;Kenmerk BreedteLeiding - waarde wijkt af (min=63,max=4000);hasAspect;;Focus-node: type=Persleiding, label=ID4145-ID4144-1, hasAspect=lei3492-3491-1_len, hasAspect=lei3492-3491-1_mat, hasAspect=lei3492-3491-1_bre, hasAspect=lei3492-3491-1_hoo, hasAspect=lei3492-3491-1_bgd, hasAspect=lei3492-3491-1_lei3355, hasAspect=lei3492-3491-1_vor, hasAspect=lei3492-3491-1_wan, hasAspect=lei3492-3491-1xwan, hasAspect=lei3492-3491-1_wib
lei3495-3550-1;BreedteLeiding_val;50 (integer) ;Warning;Kenmerk BreedteLeiding - waarde wijkt af (min=63,max=4000);hasAspect;;Focus-node: type=Persleiding, label=ID4148-ID6967-1, hasAspect=lei3495-3550-1_len, hasAspect=lei3495-3550-1_mat, hasAspect=lei3495-3550-1_bre, hasAspect=lei3495-3550-1_hoo, hasAspect=lei3495-3550-1_bgd, hasAspect=lei3495-3550-1_lei3364, hasAspect=lei3495-3550-1_vor, hasAspect=lei3495-3550-1_wan, hasAspect=lei3495-3550-1xwan, hasAspect=lei3495-3550-1_wib
lei3491-3493-1;BreedteLeiding_val;50 (integer) ;Warning;Kenmerk BreedteLeiding - waarde wijkt af (min=63,max=4000);hasAspect;;Focus-node: type=Persleiding, label=ID4144-ID4146-1, hasAspect=lei3491-3493-1_len, hasAspect=lei3491-3493-1_mat, hasAspect=lei3491-3493-1_bre, hasAspect=lei3491-3493-1_hoo, hasAspect=lei3491-3493-1_bgd, hasAspect=lei3491-3493-1_lei3356, hasAspect=lei3491-3493-1_vor, hasAspect=lei3491-3493-1_wan, hasAspect=lei3491-3493-1xwan, hasAspect=lei3491-3493-1_wib
lei3635-3531-1;BreedteLeiding_val;50 (integer) ;Warning;Kenmerk BreedteLeiding - waarde wijkt af (min=63,max=4000);hasAspect;;Focus-node: type=Persleiding, label=KvBP0130-ID5028-1, hasAspect=lei3635-3531-1_len, hasAspect=lei3635-3531-1_mat, hasAspect=lei3635-3531-1_bre, hasAspect=lei3635-3531-1_hoo, hasAspect=lei3635-3531-1_bgd, hasAspect=lei3635-3531-1_lei3424, hasAspect=lei3635-3531-1_vor, hasAspect=lei3635-3531-1_wan, hasAspect=lei3635-3531-1xwan, hasAspect=lei3635-3531-1_wib
lei3571-3502-1;BreedteLeiding_val;50 (integer) ;Warning;Kenmerk BreedteLeiding - waarde wijkt af (min=63,max=4000);hasAspect;;Focus-node: type=Persleiding, label=KvBP0004-ID4624-1, hasAspect=lei3571-3502-1_len, hasAspect=lei3571-3502-1_mat, hasAspect=lei3571-3502-1_bre, hasAspect=lei3571-3502-1_hoo, hasAspect=lei3571-3502-1_bgd, hasAspect=lei3571-3502-1_lei3376, hasAspect=lei3571-3502-1_vor, hasAspect=lei3571-3502-1_wan, hasAspect=lei3571-3502-1xwan, hasAspect=lei3571-3502-1_wib
lei3616-3493-1;BreedteLeiding_val;50 (integer) ;Warning;Kenmerk BreedteLeiding - waarde wijkt af (min=63,max=4000);hasAspect;;Focus-node: type=Persleiding, label=KvBP0092-ID4146-1, hasAspect=lei3616-3493-1_len, hasAspect=lei3616-3493-1_mat, hasAspect=lei3616-3493-1_bre, hasAspect=lei3616-3493-1_hoo, hasAspect=lei3616-3493-1_bgd, hasAspect=lei3616-3493-1_lei3361, hasAspect=lei3616-3493-1_vor, hasAspect=lei3616-3493-1_wan, hasAspect=lei3616-3493-1xwan, hasAspect=lei3616-3493-1_wib
lei3613-3550-1;BreedteLeiding_val;50 (integer) ;Warning;Kenmerk BreedteLeiding - waarde wijkt af (min=63,max=4000);hasAspect;;Focus-node: type=Persleiding, label=KvBP0086-ID6967-1, hasAspect=lei3613-3550-1_len, hasAspect=lei3613-3550-1_mat, hasAspect=lei3613-3550-1_bre, hasAspect=lei3613-3550-1_hoo, hasAspect=lei3613-3550-1_bgd, hasAspect=lei3613-3550-1_lei3448, hasAspect=lei3613-3550-1_vor, hasAspect=lei3613-3550-1_wan, hasAspect=lei3613-3550-1xwan, hasAspect=lei3613-3550-1_wib
lei3530-3531-1;BreedteLeiding_val;50 (integer) ;Warning;Kenmerk BreedteLeiding - waarde wijkt af (min=63,max=4000);hasAspect;;Focus-node: type=Persleiding, label=ID5027-ID5028-1, hasAspect=lei3530-3531-1_len, hasAspect=lei3530-3531-1_mat, hasAspect=lei3530-3531-1_bre, hasAspect=lei3530-3531-1_hoo, hasAspect=lei3530-3531-1_bgd, hasAspect=lei3530-3531-1_lei3423, hasAspect=lei3530-3531-1_vor, hasAspect=lei3530-3531-1_wan, hasAspect=lei3530-3531-1xwan, hasAspect=lei3530-3531-1_wib
lei3564-3565-1;BreedteLeiding_val;50 (integer) ;Warning;Kenmerk BreedteLeiding - waarde wijkt af (min=63,max=4000);hasAspect;;Focus-node: type=LozeLeiding, label=ID8364-ID8365-1, hasAspect=lei3564-3565-1_len, hasAspect=lei3564-3565-1_mat, hasAspect=lei3564-3565-1_bre, hasAspect=lei3564-3565-1_hoo, hasAspect=lei3564-3565-1_bgd, hasAspect=lei3564-3565-1_lei3466, hasAspect=lei3564-3565-1_vor, hasAspect=lei3564-3565-1_wan, hasAspect=lei3564-3565-1xwan, hasAspect=lei3564-3565-1_wib
lei3608-3557-1;BreedteLeiding_val;50 (integer) ;Warning;Kenmerk BreedteLeiding - waarde wijkt af (min=63,max=4000);hasAspect;;Focus-node: type=Persleiding, label=KvBP0076-ID7072-1, hasAspect=lei3608-3557-1_len, hasAspect=lei3608-3557-1_mat, hasAspect=lei3608-3557-1_bre, hasAspect=lei3608-3557-1_hoo, hasAspect=lei3608-3557-1_bgd, hasAspect=lei3608-3557-1_lei3456, hasAspect=lei3608-3557-1_vor, hasAspect=lei3608-3557-1_wan, hasAspect=lei3608-3557-1xwan, hasAspect=lei3608-3557-1_wib
lei3558-3549-1;BreedteLeiding_val;50 (integer) ;Warning;Kenmerk BreedteLeiding - waarde wijkt af (min=63,max=4000);hasAspect;;Focus-node: type=Persleiding, label=ID7073-ID6538-1, hasAspect=lei3558-3549-1_len, hasAspect=lei3558-3549-1_mat, hasAspect=lei3558-3549-1_bre, hasAspect=lei3558-3549-1_hoo, hasAspect=lei3558-3549-1_bgd, hasAspect=lei3558-3549-1_lei3445, hasAspect=lei3558-3549-1_vor, hasAspect=lei3558-3549-1_wan, hasAspect=lei3558-3549-1xwan, hasAspect=lei3558-3549-1_wib
lei3604-3522-1;BreedteLeiding_val;50 (integer) ;Warning;Kenmerk BreedteLeiding - waarde wijkt af (min=63,max=4000);hasAspect;;Focus-node: type=Persleiding, label=KvBP0070-ID4721-1, hasAspect=lei3604-3522-1_len, hasAspect=lei3604-3522-1_mat, hasAspect=lei3604-3522-1_bre, hasAspect=lei3604-3522-1_hoo, hasAspect=lei3604-3522-1_bgd, hasAspect=lei3604-3522-1_lei3412, hasAspect=lei3604-3522-1_vor, hasAspect=lei3604-3522-1_wan, hasAspect=lei3604-3522-1xwan, hasAspect=lei3604-3522-1_wib
lei3607-3549-1;BreedteLeiding_val;50 (integer) ;Warning;Kenmerk BreedteLeiding - waarde wijkt af (min=63,max=4000);hasAspect;;Focus-node: type=Persleiding, label=KvBP0074-ID6538-1, hasAspect=lei3607-3549-1_len, hasAspect=lei3607-3549-1_mat, hasAspect=lei3607-3549-1_bre, hasAspect=lei3607-3549-1_hoo, hasAspect=lei3607-3549-1_bgd, hasAspect=lei3607-3549-1_lei3446, hasAspect=lei3607-3549-1_vor, hasAspect=lei3607-3549-1_wan, hasAspect=lei3607-3549-1xwan, hasAspect=lei3607-3549-1_wib
lei3608-3556-1;BreedteLeiding_val;50 (integer) ;Warning;Kenmerk BreedteLeiding - waarde wijkt af (min=63,max=4000);hasAspect;;Focus-node: type=Persleiding, label=KvBP0076-ID7071-1, hasAspect=lei3608-3556-1_len, hasAspect=lei3608-3556-1_mat, hasAspect=lei3608-3556-1_bre, hasAspect=lei3608-3556-1_hoo, hasAspect=lei3608-3556-1_bgd, hasAspect=lei3608-3556-1_lei3454, hasAspect=lei3608-3556-1_vor, hasAspect=lei3608-3556-1_wan, hasAspect=lei3608-3556-1xwan, hasAspect=lei3608-3556-1_wib
lei3507-3505-1;BreedteLeiding_val;50 (integer) ;Warning;Kenmerk BreedteLeiding - waarde wijkt af (min=63,max=4000);hasAspect;;Focus-node: type=Persleiding, label=ID4629-ID4627-1, hasAspect=lei3507-3505-1_len, hasAspect=lei3507-3505-1_mat, hasAspect=lei3507-3505-1_bre, hasAspect=lei3507-3505-1_hoo, hasAspect=lei3507-3505-1_bgd, hasAspect=lei3507-3505-1_lei3382, hasAspect=lei3507-3505-1_vor, hasAspect=lei3507-3505-1_wan, hasAspect=lei3507-3505-1xwan, hasAspect=lei3507-3505-1_wib
lei3573-3504-1;BreedteLeiding_val;50 (integer) ;Warning;Kenmerk BreedteLeiding - waarde wijkt af (min=63,max=4000);hasAspect;;Focus-node: type=Persleiding, label=KvBP0008-ID4626-1, hasAspect=lei3573-3504-1_len, hasAspect=lei3573-3504-1_mat, hasAspect=lei3573-3504-1_bre, hasAspect=lei3573-3504-1_hoo, hasAspect=lei3573-3504-1_bgd, hasAspect=lei3573-3504-1_lei3381, hasAspect=lei3573-3504-1_vor, hasAspect=lei3573-3504-1_wan, hasAspect=lei3573-3504-1xwan, hasAspect=lei3573-3504-1_wib
lei3507-3506-1;BreedteLeiding_val;50 (integer) ;Warning;Kenmerk BreedteLeiding - waarde wijkt af (min=63,max=4000);hasAspect;;Focus-node: type=Persleiding, label=ID4629-ID4628-1, hasAspect=lei3507-3506-1_len, hasAspect=lei3507-3506-1_mat, hasAspect=lei3507-3506-1_bre, hasAspect=lei3507-3506-1_hoo, hasAspect=lei3507-3506-1_bgd, hasAspect=lei3507-3506-1_lei3385, hasAspect=lei3507-3506-1_vor, hasAspect=lei3507-3506-1_wan, hasAspect=lei3507-3506-1xwan, hasAspect=lei3507-3506-1_wib
lei3577-3506-1;BreedteLeiding_val;50 (integer) ;Warning;Kenmerk BreedteLeiding - waarde wijkt af (min=63,max=4000);hasAspect;;Focus-node: type=Persleiding, label=KvBP0016-ID4628-1, hasAspect=lei3577-3506-1_len, hasAspect=lei3577-3506-1_mat, hasAspect=lei3577-3506-1_bre, hasAspect=lei3577-3506-1_hoo, hasAspect=lei3577-3506-1_bgd, hasAspect=lei3577-3506-1_lei3387, hasAspect=lei3577-3506-1_vor, hasAspect=lei3577-3506-1_wan, hasAspect=lei3577-3506-1xwan, hasAspect=lei3577-3506-1_wib
lei3562-3563-1;BreedteLeiding_val;50 (integer) ;Warning;Kenmerk BreedteLeiding - waarde wijkt af (min=63,max=4000);hasAspect;;Focus-node: type=Persleiding, label=ID8362-ID8363-1, hasAspect=lei3562-3563-1_len, hasAspect=lei3562-3563-1_mat, hasAspect=lei3562-3563-1_bre, hasAspect=lei3562-3563-1_hoo, hasAspect=lei3562-3563-1_bgd, hasAspect=lei3562-3563-1_lei3465, hasAspect=lei3562-3563-1_vor, hasAspect=lei3562-3563-1_wan, hasAspect=lei3562-3563-1xwan, hasAspect=lei3562-3563-1_wib
lei3559-3560-1;BreedteLeiding_val;50 (integer) ;Warning;Kenmerk BreedteLeiding - waarde wijkt af (min=63,max=4000);hasAspect;;Focus-node: type=Persleiding, label=ID7074-ID7075-1, hasAspect=lei3559-3560-1_len, hasAspect=lei3559-3560-1_mat, hasAspect=lei3559-3560-1_bre, hasAspect=lei3559-3560-1_hoo, hasAspect=lei3559-3560-1_bgd, hasAspect=lei3559-3560-1_lei3461, hasAspect=lei3559-3560-1_vor, hasAspect=lei3559-3560-1_wan, hasAspect=lei3559-3560-1xwan, hasAspect=lei3559-3560-1_wib
lei3602-3559-1;BreedteLeiding_val;50 (integer) ;Warning;Kenmerk BreedteLeiding - waarde wijkt af (min=63,max=4000);hasAspect;;Focus-node: type=Persleiding, label=KvBP0066-ID7074-1, hasAspect=lei3602-3559-1_len, hasAspect=lei3602-3559-1_mat, hasAspect=lei3602-3559-1_bre, hasAspect=lei3602-3559-1_hoo, hasAspect=lei3602-3559-1_bgd, hasAspect=lei3602-3559-1_lei3463, hasAspect=lei3602-3559-1_vor, hasAspect=lei3602-3559-1_wan, hasAspect=lei3602-3559-1xwan, hasAspect=lei3602-3559-1_wib
